p,p_mod_20,principal,nonprincipal
3,3,False,True
7,7,False,True
23,3,False,True
29,9,True,False
41,1,True,False
43,3,False,True
47,7,False,True
61,1,True,False
67,7,False,True
83,3,False,True
89,9,True,False
101,1,True,False
103,3,False,True
107,7,False,True
109,9,True,False
127,7,False,True
149,9,True,False
163,3,False,True
167,7,False,True
181,1,True,False
223,3,False,True
227,7,False,True
229,9,True,False
241,1,True,False
263,3,False,True
269,9,True,False
281,1,True,False
283,3,False,True
307,7,False,True
347,7,False,True
349,9,True,False
367,7,False,True
383,3,False,True
389,9,True,False
401,1,True,False
409,9,True,False
421,1,True,False
443,3,False,True
449,9,True,False
461,1,True,False
463,3,False,True
467,7,False,True
487,7,False,True
503,3,False,True
509,9,True,False
521,1,True,False
523,3,False,True
541,1,True,False
547,7,False,True
563,3,False,True
569,9,True,False
587,7,False,True
601,1,True,False
607,7,False,True
641,1,True,False
643,3,False,True
647,7,False,True
661,1,True,False
683,3,False,True
701,1,True,False
709,9,True,False
727,7,False,True
743,3,False,True
761,1,True,False
769,9,True,False
787,7,False,True
809,9,True,False
821,1,True,False
823,3,False,True
827,7,False,True
829,9,True,False
863,3,False,True
881,1,True,False
883,3,False,True
887,7,False,True
907,7,False,True
929,9,True,False
941,1,True,False
947,7,False,True
967,7,False,True
983,3,False,True
1009,9,True,False
1021,1,True,False
1049,9,True,False
1061,1,True,False
1063,3,False,True
1069,9,True,False
1087,7,False,True
1103,3,False,True
1109,9,True,False
1123,3,False,True
1129,9,True,False
1163,3,False,True
1181,1,True,False
1187,7,False,True
1201,1,True,False
1223,3,False,True
1229,9,True,False
1249,9,True,False
1283,3,False,True
1289,9,True,False
1301,1,True,False
1303,3,False,True
1307,7,False,True
1321,1,True,False
1327,7,False,True
1361,1,True,False
1367,7,False,True
1381,1,True,False
1409,9,True,False
1423,3,False,True
1427,7,False,True
1429,9,True,False
1447,7,False,True
1481,1,True,False
1483,3,False,True
1487,7,False,True
1489,9,True,False
1523,3,False,True
1543,3,False,True
1549,9,True,False
1567,7,False,True
1583,3,False,True
1601,1,True,False
1607,7,False,True
1609,9,True,False
1621,1,True,False
1627,7,False,True
1663,3,False,True
1667,7,False,True
1669,9,True,False
1709,9,True,False
1721,1,True,False
1723,3,False,True
1741,1,True,False
1747,7,False,True
1783,3,False,True
1787,7,False,True
1789,9,True,False
1801,1,True,False
1823,3,False,True
1847,7,False,True
1861,1,True,False
1867,7,False,True
1889,9,True,False
1901,1,True,False
1907,7,False,True
1949,9,True,False
1987,7,False,True
2003,3,False,True
2027,7,False,True
2029,9,True,False
2063,3,False,True
2069,9,True,False
2081,1,True,False
2083,3,False,True
2087,7,False,True
2089,9,True,False
2129,9,True,False
2141,1,True,False
2143,3,False,True
2161,1,True,False
2203,3,False,True
2207,7,False,True
2221,1,True,False
2243,3,False,True
2267,7,False,True
2269,9,True,False
2281,1,True,False
2287,7,False,True
2309,9,True,False
2341,1,True,False
2347,7,False,True
2381,1,True,False
2383,3,False,True
2389,9,True,False
2423,3,False,True
2441,1,True,False
2447,7,False,True
2467,7,False,True
2503,3,False,True
2521,1,True,False
2543,3,False,True
2549,9,True,False
2609,9,True,False
2621,1,True,False
2647,7,False,True
2663,3,False,True
2683,3,False,True
2687,7,False,True
2689,9,True,False
2707,7,False,True
2729,9,True,False
2741,1,True,False
2749,9,True,False
2767,7,False,True
2789,9,True,False
2801,1,True,False
2803,3,False,True
2843,3,False,True
2861,1,True,False
2887,7,False,True
2903,3,False,True
2909,9,True,False
2927,7,False,True
2963,3,False,True
2969,9,True,False
3001,1,True,False
3023,3,False,True
3041,1,True,False
3049,9,True,False
3061,1,True,False
3067,7,False,True
3083,3,False,True
3089,9,True,False
3109,9,True,False
3121,1,True,False
3163,3,False,True
3167,7,False,True
3169,9,True,False
3181,1,True,False
3187,7,False,True
3203,3,False,True
3209,9,True,False
3221,1,True,False
3229,9,True,False
3301,1,True,False
3307,7,False,True
3323,3,False,True
3329,9,True,False
3343,3,False,True
3347,7,False,True
3361,1,True,False
3389,9,True,False
3407,7,False,True
3449,9,True,False
3461,1,True,False
3463,3,False,True
3467,7,False,True
3469,9,True,False
3527,7,False,True
3529,9,True,False
3541,1,True,False
3547,7,False,True
3581,1,True,False
3583,3,False,True
3607,7,False,True
3623,3,False,True
3643,3,False,True
3701,1,True,False
3709,9,True,False
3727,7,False,True
3761,1,True,False
3767,7,False,True
3769,9,True,False
3803,3,False,True
3821,1,True,False
3823,3,False,True
3847,7,False,True
3863,3,False,True
3881,1,True,False
3889,9,True,False
3907,7,False,True
3923,3,False,True
3929,9,True,False
3943,3,False,True
3947,7,False,True
3967,7,False,True
3989,9,True,False
4001,1,True,False
4003,3,False,True
4007,7,False,True
4021,1,True,False
4027,7,False,True
4049,9,True,False
4127,7,False,True
4129,9,True,False
4201,1,True,False
4229,9,True,False
4241,1,True,False
4243,3,False,True
4261,1,True,False
4283,3,False,True
4289,9,True,False
4327,7,False,True
4349,9,True,False
4363,3,False,True
4409,9,True,False
4421,1,True,False
4423,3,False,True
4441,1,True,False
4447,7,False,True
4463,3,False,True
4481,1,True,False
4483,3,False,True
4507,7,False,True
4523,3,False,True
4547,7,False,True
4549,9,True,False
4561,1,True,False
4567,7,False,True
4583,3,False,True
4603,3,False,True
4621,1,True,False
4643,3,False,True
4649,9,True,False
4663,3,False,True
4703,3,False,True
4721,1,True,False
4723,3,False,True
4729,9,True,False
4783,3,False,True
4787,7,False,True
4789,9,True,False
4801,1,True,False
4861,1,True,False
4889,9,True,False
4903,3,False,True
4909,9,True,False
4943,3,False,True
4967,7,False,True
4969,9,True,False
4987,7,False,True
5003,3,False,True
5009,9,True,False
5021,1,True,False
5023,3,False,True
5081,1,True,False
5087,7,False,True
5101,1,True,False
5107,7,False,True
5147,7,False,True
5167,7,False,True
5189,9,True,False
5209,9,True,False
5227,7,False,True
5261,1,True,False
5281,1,True,False
5303,3,False,True
5309,9,True,False
5323,3,False,True
5347,7,False,True
5381,1,True,False
5387,7,False,True
5407,7,False,True
5441,1,True,False
5443,3,False,True
5449,9,True,False
5483,3,False,True
5501,1,True,False
5503,3,False,True
5507,7,False,True
5521,1,True,False
5527,7,False,True
5563,3,False,True
5569,9,True,False
5581,1,True,False
5623,3,False,True
5641,1,True,False
5647,7,False,True
5669,9,True,False
5683,3,False,True
5689,9,True,False
5701,1,True,False
5741,1,True,False
5743,3,False,True
5749,9,True,False
5783,3,False,True
5801,1,True,False
5807,7,False,True
5821,1,True,False
5827,7,False,True
5843,3,False,True
5849,9,True,False
5861,1,True,False
5867,7,False,True
5869,9,True,False
5881,1,True,False
5903,3,False,True
5923,3,False,True
5927,7,False,True
5981,1,True,False
5987,7,False,True
6007,7,False,True
6029,9,True,False
6043,3,False,True
6047,7,False,True
6067,7,False,True
6089,9,True,False
6101,1,True,False
6121,1,True,False
6143,3,False,True
6163,3,False,True
6203,3,False,True
6221,1,True,False
6229,9,True,False
6247,7,False,True
6263,3,False,True
6269,9,True,False
6287,7,False,True
6301,1,True,False
6323,3,False,True
6329,9,True,False
6343,3,False,True
6361,1,True,False
6367,7,False,True
6389,9,True,False
6421,1,True,False
6427,7,False,True
6449,9,True,False
6469,9,True,False
6481,1,True,False
6521,1,True,False
6529,9,True,False
6547,7,False,True
6563,3,False,True
6569,9,True,False
6581,1,True,False
6607,7,False,True
6661,1,True,False
6689,9,True,False
6701,1,True,False
6703,3,False,True
6709,9,True,False
6761,1,True,False
6763,3,False,True
6781,1,True,False
6803,3,False,True
6823,3,False,True
6827,7,False,True
6829,9,True,False
6841,1,True,False
6863,3,False,True
6869,9,True,False
6883,3,False,True
6907,7,False,True
6947,7,False,True
6949,9,True,False
6961,1,True,False
6967,7,False,True
6983,3,False,True
7001,1,True,False
7027,7,False,True
7043,3,False,True
7069,9,True,False
7103,3,False,True
7109,9,True,False
7121,1,True,False
7127,7,False,True
7129,9,True,False
7187,7,False,True
7207,7,False,True
7229,9,True,False
7243,3,False,True
7247,7,False,True
7283,3,False,True
7307,7,False,True
7309,9,True,False
7321,1,True,False
7349,9,True,False
7369,9,True,False
7481,1,True,False
7487,7,False,True
7489,9,True,False
7507,7,False,True
7523,3,False,True
7529,9,True,False
7541,1,True,False
7547,7,False,True
7549,9,True,False
7561,1,True,False
7583,3,False,True
7589,9,True,False
7603,3,False,True
7607,7,False,True
7621,1,True,False
7643,3,False,True
7649,9,True,False
7669,9,True,False
7681,1,True,False
7687,7,False,True
7703,3,False,True
7723,3,False,True
7727,7,False,True
7741,1,True,False
7789,9,True,False
7823,3,False,True
7829,9,True,False
7841,1,True,False
7867,7,False,True
7883,3,False,True
7901,1,True,False
7907,7,False,True
7927,7,False,True
7949,9,True,False
7963,3,False,True
8009,9,True,False
8069,9,True,False
8081,1,True,False
8087,7,False,True
8089,9,True,False
8101,1,True,False
8123,3,False,True
8147,7,False,True
8161,1,True,False
8167,7,False,True
8209,9,True,False
8221,1,True,False
8243,3,False,True
8263,3,False,True
8269,9,True,False
8287,7,False,True
8329,9,True,False
8363,3,False,True
8369,9,True,False
8387,7,False,True
8389,9,True,False
8423,3,False,True
8429,9,True,False
8443,3,False,True
8447,7,False,True
8461,1,True,False
8467,7,False,True
8501,1,True,False
8521,1,True,False
8527,7,False,True
8543,3,False,True
8563,3,False,True
8581,1,True,False
8609,9,True,False
8623,3,False,True
8627,7,False,True
8629,9,True,False
8641,1,True,False
8647,7,False,True
8663,3,False,True
8669,9,True,False
8681,1,True,False
8689,9,True,False
8707,7,False,True
8741,1,True,False
8747,7,False,True
8761,1,True,False
8783,3,False,True
8803,3,False,True
8807,7,False,True
8821,1,True,False
8849,9,True,False
8861,1,True,False
8863,3,False,True
8867,7,False,True
8887,7,False,True
8923,3,False,True
8929,9,True,False
8941,1,True,False
8963,3,False,True
8969,9,True,False
9001,1,True,False
9007,7,False,True
9029,9,True,False
9041,1,True,False
9043,3,False,True
9049,9,True,False
9067,7,False,True
9103,3,False,True
9109,9,True,False
9127,7,False,True
9161,1,True,False
9181,1,True,False
9187,7,False,True
9203,3,False,True
9209,9,True,False
9221,1,True,False
9227,7,False,True
9241,1,True,False
9281,1,True,False
9283,3,False,True
9323,3,False,True
9341,1,True,False
9343,3,False,True
9349,9,True,False
9403,3,False,True
9421,1,True,False
9461,1,True,False
9463,3,False,True
9467,7,False,True
9521,1,True,False
9547,7,False,True
9587,7,False,True
9601,1,True,False
9623,3,False,True
9629,9,True,False
9643,3,False,True
9649,9,True,False
9661,1,True,False
9689,9,True,False
9721,1,True,False
9743,3,False,True
9749,9,True,False
9767,7,False,True
9769,9,True,False
9781,1,True,False
9787,7,False,True
9803,3,False,True
9829,9,True,False
9883,3,False,True
9887,7,False,True
9901,1,True,False
9907,7,False,True
9923,3,False,True
9929,9,True,False
9941,1,True,False
9949,9,True,False
9967,7,False,True
10007,7,False,True
10009,9,True,False
10061,1,True,False
10067,7,False,True
10069,9,True,False
10103,3,False,True
10141,1,True,False
10163,3,False,True
10169,9,True,False
10181,1,True,False
10223,3,False,True
10243,3,False,True
10247,7,False,True
10267,7,False,True
10289,9,True,False
10301,1,True,False
10303,3,False,True
10321,1,True,False
10343,3,False,True
10369,9,True,False
10427,7,False,True
10429,9,True,False
10463,3,False,True
10487,7,False,True
10501,1,True,False
10529,9,True,False
10567,7,False,True
10589,9,True,False
10601,1,True,False
10607,7,False,True
10627,7,False,True
10663,3,False,True
10667,7,False,True
10687,7,False,True
10709,9,True,False
10723,3,False,True
10729,9,True,False
10781,1,True,False
10789,9,True,False
10847,7,False,True
10861,1,True,False
10867,7,False,True
10883,3,False,True
10889,9,True,False
10903,3,False,True
10909,9,True,False
10949,9,True,False
10987,7,False,True
11003,3,False,True
11027,7,False,True
11047,7,False,True
11069,9,True,False
11083,3,False,True
11087,7,False,True
11149,9,True,False
11161,1,True,False
11243,3,False,True
11261,1,True,False
11287,7,False,True
11321,1,True,False
11329,9,True,False
11369,9,True,False
11383,3,False,True
11423,3,False,True
11443,3,False,True
11447,7,False,True
11467,7,False,True
11483,3,False,True
11489,9,True,False
11503,3,False,True
11527,7,False,True
11549,9,True,False
11587,7,False,True
11621,1,True,False
11681,1,True,False
11689,9,True,False
11701,1,True,False
11743,3,False,True
11783,3,False,True
11789,9,True,False
11801,1,True,False
11807,7,False,True
11821,1,True,False
11827,7,False,True
11863,3,False,True
11867,7,False,True
11887,7,False,True
11903,3,False,True
11909,9,True,False
11923,3,False,True
11927,7,False,True
11941,1,True,False
11969,9,True,False
11981,1,True,False
11987,7,False,True
12007,7,False,True
12041,1,True,False
12043,3,False,True
12049,9,True,False
12101,1,True,False
12107,7,False,True
12109,9,True,False
12143,3,False,True
12149,9,True,False
12161,1,True,False
12163,3,False,True
12203,3,False,True
12227,7,False,True
12241,1,True,False
12263,3,False,True
12269,9,True,False
12281,1,True,False
12289,9,True,False
12301,1,True,False
12323,3,False,True
12329,9,True,False
12343,3,False,True
12347,7,False,True
12401,1,True,False
12409,9,True,False
12421,1,True,False
12487,7,False,True
12503,3,False,True
12527,7,False,True
12541,1,True,False
12547,7,False,True
12569,9,True,False
12583,3,False,True
12589,9,True,False
12601,1,True,False
12641,1,True,False
12647,7,False,True
12689,9,True,False
12703,3,False,True
12721,1,True,False
12743,3,False,True
12763,3,False,True
12781,1,True,False
12809,9,True,False
12821,1,True,False
12823,3,False,True
12829,9,True,False
12841,1,True,False
12889,9,True,False
12907,7,False,True
12923,3,False,True
12941,1,True,False
12967,7,False,True
12983,3,False,True
13001,1,True,False
13003,3,False,True
13007,7,False,True
13009,9,True,False
13043,3,False,True
13049,9,True,False
13063,3,False,True
13103,3,False,True
13109,9,True,False
13121,1,True,False
13127,7,False,True
13147,7,False,True
13163,3,False,True
13183,3,False,True
13187,7,False,True
13229,9,True,False
13241,1,True,False
13249,9,True,False
13267,7,False,True
13309,9,True,False
13327,7,False,True
13367,7,False,True
13381,1,True,False
13421,1,True,False
13441,1,True,False
13463,3,False,True
13469,9,True,False
13487,7,False,True
13523,3,False,True
13567,7,False,True
13627,7,False,True
13649,9,True,False
13669,9,True,False
13681,1,True,False
13687,7,False,True
13709,9,True,False
13721,1,True,False
13723,3,False,True
13729,9,True,False
13763,3,False,True
13781,1,True,False
13789,9,True,False
13807,7,False,True
13829,9,True,False
13841,1,True,False
13883,3,False,True
13901,1,True,False
13903,3,False,True
13907,7,False,True
13921,1,True,False
13963,3,False,True
13967,7,False,True
14009,9,True,False
14029,9,True,False
14081,1,True,False
14083,3,False,True
14087,7,False,True
14107,7,False,True
14143,3,False,True
14149,9,True,False
14207,7,False,True
14221,1,True,False
14243,3,False,True
14249,9,True,False
14281,1,True,False
14303,3,False,True
14321,1,True,False
14323,3,False,True
14327,7,False,True
14341,1,True,False
14347,7,False,True
14369,9,True,False
14387,7,False,True
14389,9,True,False
14401,1,True,False
14407,7,False,True
14423,3,False,True
14447,7,False,True
14449,9,True,False
14461,1,True,False
14489,9,True,False
14503,3,False,True
14543,3,False,True
14549,9,True,False
14561,1,True,False
14563,3,False,True
14621,1,True,False
14627,7,False,True
14629,9,True,False
14669,9,True,False
14683,3,False,True
14723,3,False,True
14741,1,True,False
14747,7,False,True
14767,7,False,True
14783,3,False,True
14821,1,True,False
14827,7,False,True
14843,3,False,True
14867,7,False,True
14869,9,True,False
14887,7,False,True
14923,3,False,True
14929,9,True,False
14947,7,False,True
14969,9,True,False
14983,3,False,True
15061,1,True,False
15083,3,False,True
15101,1,True,False
15107,7,False,True
15121,1,True,False
15149,9,True,False
15161,1,True,False
15187,7,False,True
15227,7,False,True
15241,1,True,False
15263,3,False,True
15269,9,True,False
15287,7,False,True
15289,9,True,False
15307,7,False,True
15329,9,True,False
15349,9,True,False
15361,1,True,False
15383,3,False,True
15401,1,True,False
15427,7,False,True
15443,3,False,True
15461,1,True,False
15467,7,False,True
15527,7,False,True
15541,1,True,False
15569,9,True,False
15581,1,True,False
15583,3,False,True
15601,1,True,False
15607,7,False,True
15629,9,True,False
15641,1,True,False
15643,3,False,True
15647,7,False,True
15649,9,True,False
15661,1,True,False
15667,7,False,True
15683,3,False,True
15727,7,False,True
15749,9,True,False
15761,1,True,False
15767,7,False,True
15787,7,False,True
15803,3,False,True
15809,9,True,False
15823,3,False,True
15881,1,True,False
15887,7,False,True
15889,9,True,False
15901,1,True,False
15907,7,False,True
15923,3,False,True
16001,1,True,False
16007,7,False,True
16061,1,True,False
16063,3,False,True
16067,7,False,True
16069,9,True,False
16087,7,False,True
16103,3,False,True
16127,7,False,True
16141,1,True,False
16183,3,False,True
16187,7,False,True
16189,9,True,False
16223,3,False,True
16229,9,True,False
16249,9,True,False
16267,7,False,True
16301,1,True,False
16349,9,True,False
16361,1,True,False
16363,3,False,True
16369,9,True,False
16381,1,True,False
16421,1,True,False
16427,7,False,True
16447,7,False,True
16481,1,True,False
16487,7,False,True
16529,9,True,False
16547,7,False,True
16561,1,True,False
16567,7,False,True
16603,3,False,True
16607,7,False,True
16649,9,True,False
16661,1,True,False
16703,3,False,True
16729,9,True,False
16741,1,True,False
16747,7,False,True
16763,3,False,True
16787,7,False,True
16823,3,False,True
16829,9,True,False
16843,3,False,True
16883,3,False,True
16889,9,True,False
16901,1,True,False
16903,3,False,True
16921,1,True,False
16927,7,False,True
16943,3,False,True
16963,3,False,True
16981,1,True,False
16987,7,False,True
17021,1,True,False
17027,7,False,True
17029,9,True,False
17041,1,True,False
17047,7,False,True
17107,7,False,True
17123,3,False,True
17167,7,False,True
17183,3,False,True
17189,9,True,False
17203,3,False,True
17207,7,False,True
17209,9,True,False
17321,1,True,False
17327,7,False,True
17341,1,True,False
17383,3,False,True
17387,7,False,True
17389,9,True,False
17401,1,True,False
17443,3,False,True
17449,9,True,False
17467,7,False,True
17483,3,False,True
17489,9,True,False
17509,9,True,False
17569,9,True,False
17581,1,True,False
17609,9,True,False
17623,3,False,True
17627,7,False,True
17669,9,True,False
17681,1,True,False
17683,3,False,True
17707,7,False,True
17729,9,True,False
17747,7,False,True
17749,9,True,False
17761,1,True,False
17783,3,False,True
17789,9,True,False
17807,7,False,True
17827,7,False,True
17863,3,False,True
17881,1,True,False
17903,3,False,True
17909,9,True,False
17921,1,True,False
17923,3,False,True
17929,9,True,False
17981,1,True,False
17987,7,False,True
17989,9,True,False
18041,1,True,False
18043,3,False,True
18047,7,False,True
18049,9,True,False
18061,1,True,False
18089,9,True,False
18121,1,True,False
18127,7,False,True
18143,3,False,True
18149,9,True,False
18169,9,True,False
18181,1,True,False
18223,3,False,True
18229,9,True,False
18269,9,True,False
18287,7,False,True
18289,9,True,False
18301,1,True,False
18307,7,False,True
18329,9,True,False
18341,1,True,False
18367,7,False,True
18401,1,True,False
18427,7,False,True
18443,3,False,True
18461,1,True,False
18481,1,True,False
18503,3,False,True
18521,1,True,False
18523,3,False,True
18541,1,True,False
18583,3,False,True
18587,7,False,True
18661,1,True,False
18701,1,True,False
18743,3,False,True
18749,9,True,False
18787,7,False,True
18803,3,False,True
18869,9,True,False
18947,7,False,True
19001,1,True,False
19009,9,True,False
19069,9,True,False
19081,1,True,False
19087,7,False,True
19121,1,True,False
19141,1,True,False
19163,3,False,True
19181,1,True,False
19183,3,False,True
19207,7,False,True
19249,9,True,False
19267,7,False,True
19289,9,True,False
19301,1,True,False
19309,9,True,False
19381,1,True,False
19387,7,False,True
19403,3,False,True
19421,1,True,False
19423,3,False,True
19427,7,False,True
19429,9,True,False
19441,1,True,False
19447,7,False,True
19463,3,False,True
19469,9,True,False
19483,3,False,True
19489,9,True,False
19501,1,True,False
19507,7,False,True
19541,1,True,False
19543,3,False,True
19583,3,False,True
19603,3,False,True
19609,9,True,False
19661,1,True,False
19681,1,True,False
19687,7,False,True
19709,9,True,False
19727,7,False,True
19763,3,False,True
19801,1,True,False
19841,1,True,False
19843,3,False,True
19861,1,True,False
19867,7,False,True
19889,9,True,False
19927,7,False,True
19949,9,True,False
19961,1,True,False
19963,3,False,True
