t,phi,lhs,rhs,rel_err
0.5254741899355776,0.9498842983784701,0.6612412480901425,0.6612412480901425,0.0
0.6207757054866972,2.5544241031787953,0.9405486297158228,0.9405486297158226,5.901996927902596e-17
0.5075148595297087,2.3874075931458765,0.8785686129162388,0.8785686129162388,0.0
0.40634721240626376,3.9710790604468347,0.7943725332889845,0.7943725332889848,2.0964150535802868e-16
0.1842666574994427,1.08871533945879,0.22902787320623375,0.22902787320623377,6.059431812178539e-17
0.6670118531160064,0.36073933414558934,0.43641951604929385,0.43641951604929374,1.27196766390685e-16
0.04673044321202335,5.430430974601238,0.03398754647565738,0.03398754647565735,5.103997363326165e-16
0.18966063824919274,4.336929521899301,0.4411815093331649,0.44118150933316475,1.8873575860589078e-16
0.7713569746533152,5.586550952145814,0.8730264442945019,0.8730264442945024,2.5433892223558803e-16
0.64483203423528,5.080251196869557,0.8674979266719804,0.8674979266719804,0.0
0.04434519212133337,1.8912662337532766,0.11324244613144219,0.11324244613144209,4.2892271393512715e-16
0.7753680627721933,5.618559775071218,0.8673992455591533,0.867399245559153,1.2799446509887974e-16
0.16611410205204338,0.06058591464233946,0.0008758368104452297,0.0008758368104454055,1.0039404046498933e-13
0.33207481050849974,2.7403617768403934,0.7408782184482923,0.740878218448292,1.4985229650163375e-16
0.8524401601674898,3.624496289719113,0.993272561660372,0.9932725616603718,1.117742568836582e-16
0.7626670993180615,0.8027509819100416,0.8920867521847509,0.8920867521847505,1.8667854139289414e-16
0.34739690213018065,5.685007087833216,0.22074061236094555,0.22074061236094572,3.7721525711241815e-16
0.09741871362220071,5.355634696315594,0.08735419864926364,0.08735419864926369,3.177360223641966e-16
0.9887691272114552,2.9022501452968923,0.9999676486356256,0.9999676486356256,0.0
0.2323948250930598,4.410138013948614,0.5058396011392423,0.5058396011392423,0.0
0.8681448052811754,0.339157098568017,0.8504998232090806,0.8504998232090804,1.3053771374532404e-16
0.42725127686471837,4.994263356192363,0.6528144570355303,0.6528144570355302,8.503358133846683e-17
0.3914044705159812,2.60212085692027,0.7970287000314191,0.797028700031419,6.964761899925255e-17
0.7335577414636014,0.018773381774213154,0.003628454463991737,0.003628454463992083,4.768935877407012e-14
0.3465777021100006,4.370374006763598,0.6843385927743878,0.6843385927743877,8.111649966460201e-17
0.9464807594745634,4.909379605219715,0.9981221797370843,0.9981221797370843,0.0
0.6635191515590032,3.545420070067481,0.9574451937028697,0.9574451937028695,1.1595682258651553e-16
0.19101061342394837,2.9408853346949235,0.5361167953072905,0.5361167953072906,1.0354301845634223e-16
0.22273822093425652,6.007456824484762,0.027098122407660186,0.027098122407660265,1.472376548723089e-15
0.09641194265590289,5.489568564772922,0.06590062416141196,0.06590062416141197,1.0529329565849986e-16
0.5604816502604915,5.5755712466440785,0.582143273310313,0.5821432733103132,1.9071302126570291e-16
0.8261834224749394,2.919262882951409,0.9908288770110834,0.9908288770110831,1.120499261158229e-16
0.19881286165768777,4.131898035928426,0.48958195429539686,0.489581954295397,1.7007719773234627e-16
0.4386193846158159,2.9778720502565643,0.8468589547831654,0.8468589547831654,0.0
0.7698897967346703,3.506744919422889,0.9825302350199898,0.9825302350199898,0.0
0.8217765815695705,0.2247585523675287,0.5654914150030153,0.5654914150030158,4.90822227875571e-16
0.2821166739235826,4.817391535844642,0.4949726940537289,0.4949726940537292,2.803748161167862e-16
0.9606907242717101,1.3138430464302893,0.9989229192452659,0.998922919245266,5.55710056920099e-17
0.07192642655443411,4.3812373325323755,0.18121112173584453,0.18121112173584442,3.063341294922156e-16
0.7409433882130387,2.7175784286145426,0.9768557543463664,0.9768557543463664,0.0
0.7681202638852427,2.880084401766302,0.9825088215503595,0.9825088215503597,1.1299878436442627e-16
0.5677165445422828,2.6034395162820223,0.9186553325826109,0.9186553325826109,0.0
0.817423984334731,1.9729329302891132,0.9855574269288736,0.9855574269288736,0.0
0.10739740137219285,0.13883035737895266,0.0025871622148944118,0.002587162214894256,3.008922886098916e-14
0.7783608487013227,0.6083402306849507,0.8504159146871992,0.8504159146871993,6.527529679601067e-17
0.937614506324863,4.354817136375763,0.9984649880256766,0.9984649880256767,5.559649251299565e-17
0.7882952907745849,1.4671551987468647,0.969266395079712,0.969266395079712,0.0
0.6150244194573539,0.6881048379927656,0.6538068406727586,0.6538068406727585,8.490451273672448e-17
0.6609514357050685,2.98337924555229,0.9580804276070708,0.9580804276070705,1.7381990999410378e-16
0.07413424010867962,2.8941323451957772,0.25409695085210526,0.25409695085210543,3.276966786403955e-16
0.7347603028045502,3.3274085244010543,0.9764243244328942,0.9764243244328943,5.68514628755266e-17
0.09002570434963354,2.298356853800498,0.2658111934560268,0.2658111934560267,1.0441838530107096e-16
0.8779959408215915,5.816986044301837,0.9264135358391369,0.9264135358391369,0.0
0.9340368147060369,2.6328324023072573,0.9987582021544898,0.9987582021544898,0.0
0.5781919742452054,1.4448807563063506,0.8503704867496222,0.850370486749622,1.3055756778069413e-16
0.21958921368161022,0.7109657312518397,0.1487181148463098,0.1487181148463101,9.331605515680591e-16
0.487792902390272,3.979739674156599,0.8612205923326435,0.8612205923326435,0.0
0.6354312263561779,0.6080413535068475,0.6315097068318135,0.6315097068318138,2.6370687875764576e-16
0.7047085439983827,1.988101820840064,0.9578320056691297,0.9578320056691298,5.795499722571747e-17
0.6634456902293409,3.788945681179078,0.954667069960585,0.9546670699605851,5.814713105538426e-17
0.5577505621227298,0.1289961311783104,0.04524279701887435,0.045242797018874396,5.367954738418056e-16
0.8916246433134348,5.390499596291658,0.9826336797213522,0.9826336797213523,5.64922130971526e-17
0.04619222530645017,3.7852205139319617,0.15453502870635638,0.15453502870635646,2.6941052635098053e-16
0.5980291990302199,2.630013031729465,0.9326907306904668,0.9326907306904665,1.78551633691577e-16
0.7669268440596368,0.4716578893609696,0.7550752303848824,0.7550752303848824,0.0
0.7646321059080338,3.270073242441381,0.9821372793849737,0.9821372793849737,0.0
0.804866307135018,1.2428015728105941,0.9662807790147949,0.9662807790147948,5.744826186841484e-17
0.7123277527161532,6.141071984277653,0.14788400138549707,0.14788400138549757,1.6891629804463597e-15
0.908561309247062,1.111559792694855,0.9918030591196246,0.9918030591196246,0.0
0.6897915143967236,4.460094394982415,0.9471323590401053,0.9471323590401054,5.860970824343599e-17
0.012917713919342318,4.1327068489515915,0.03942252210649699,0.03942252210649718,2.3761814997450232e-15
0.7849393593496149,5.690753148738833,0.8526011694274234,0.8526011694274236,1.3021598661080218e-16
0.7366148792353479,2.147453271520093,0.9704278006889483,0.9704278006889486,1.7160828819572587e-16
0.5074945362420015,3.948181687859996,0.8762369649767866,0.8762369649767866,0.0
0.04341287969446517,3.921105446710153,0.13969116057932907,0.13969116057932904,9.934621310511207e-17
0.7731296044629651,1.840953071381016,0.9743980280834867,0.9743980280834867,0.0
0.8385264320365317,0.8834194213841382,0.9591971209868868,0.9591971209868868,0.0
0.8060440698394988,6.1783801232208315,0.19037309052630802,0.19037309052630721,2.1140374688144486e-15
0.7933601039202559,1.5200629995049766,0.9724330006382451,0.9724330006382452,5.708480809970838e-17
0.1887116597182017,4.864074344418004,0.3274054521960187,0.3274054521960186,1.6954864636164683e-16
0.904470602480478,4.321469627978833,0.9963603447253856,0.9963603447253859,1.6714179219936036e-16
0.47844055647252703,3.108671711212259,0.8755190423127465,0.8755190423127466,6.340370517198704e-17
0.7550249745600962,1.7916551406061623,0.9684287220161366,0.9684287220161365,5.732084351617658e-17
0.6221484702955659,2.8123849397857423,0.9443286211155268,0.9443286211155271,1.1756744419264346e-16
0.08404634299011685,4.828307556629435,0.15051424454413886,0.15051424454413895,2.7660746362935914e-16
0.08924407052907346,3.8417353133589907,0.2752268070345234,0.27522680703452346,1.0084619268989797e-16
0.3849058668615877,0.6744176380820983,0.3081769749702067,0.30817697497020685,2.701912654406988e-16
0.35476300648582376,0.17808963908195863,0.026246888945183566,0.02624688894518356,1.3218507378910808e-16
0.1958233639769099,4.217978790441274,0.4717314496464161,0.4717314496464159,2.3535064822523893e-16
0.021714980201458567,4.024561833234061,0.06906507469527834,0.06906507469527834,0.0
0.2696746978975439,3.7229444907561096,0.6498946369913211,0.6498946369913207,3.4166246693923193e-16
0.17555207420264382,5.015770331258251,0.26590898091842663,0.2659089809184267,1.0437998566187406e-16
0.5598632712489316,1.0497790919633612,0.7437862671524065,0.7437862671524065,0.0
0.09734833778757121,1.8391171770242156,0.23213156938400825,0.23213156938400803,4.782731739466891e-16
0.48670958907848855,5.4456825371739015,0.5499036705318692,0.5499036705318692,0.0
0.9118587159940602,3.8217829769548133,0.9976090887241895,0.9976090887241896,5.56441915562831e-17
0.55119817973546,3.218480402206974,0.9161770612115142,0.9161770612115144,1.2117996309109114e-16
0.773513083594957,0.11928387906352214,0.1764828701230503,0.1764828701230511,2.280424418222638e-15
0.35581696404765334,3.5755609202391194,0.765853518309267,0.7658535183092671,7.248272666267404e-17
0.22365795255087362,3.2643738998018903,0.5965739331151458,0.596573933115146,9.304991074851995e-17
0.567039030732721,4.962396580845415,0.8199190264164976,0.8199190264164975,6.770321146695723e-17
0.8881001851333141,5.458026792365961,0.9785470425527525,0.9785470425527523,1.1345627510445475e-16
0.8232139468655484,5.7423413369897895,0.8826125449168857,0.8826125449168857,0.0
0.9758944808266711,1.6014175757606142,0.9997112130200974,0.9997112130200976,1.1105437351964936e-16
0.20716679948839556,5.971638762656169,0.030755316153461276,0.030755316153461186,1.466504527228574e-15
0.28795312749782315,4.2068360493392385,0.6276971329437894,0.6276971329437896,1.76872406508917e-16
0.24233872642853427,5.025264687140056,0.36886047363379426,0.36886047363379443,2.257404433350974e-16
0.6321541444170643,2.7646643502916968,0.9474557185875332,0.9474557185875332,0.0
0.6759510566858541,5.141430685858425,0.8826098724253268,0.8826098724253272,1.8868297182780832e-16
0.8281477933441493,3.638135629436195,0.9906008183975297,0.9906008183975297,0.0
0.04058295694702261,2.698641041470837,0.14372230496134697,0.14372230496134714,5.793584153084704e-16
0.5356600185109848,4.177779557258119,0.8823578077227203,0.8823578077227203,0.0
0.6777758231222194,1.9400678878196818,0.9467177061850297,0.9467177061850299,1.172707574150061e-16
0.4947338802715901,0.9899823909976778,0.6362486268461207,0.6362486268461207,0.0
0.7509257496763301,2.703530947397048,0.9787826682097687,0.9787826682097687,0.0
0.8581405569479849,1.2530384195198174,0.983232355578195,0.9832323555781949,5.645781581161881e-17
0.8191390047694548,5.510171403103098,0.9343546226046618,0.9343546226046622,1.7823367024132125e-16
0.0021804735636479855,4.667168582879231,0.004557163636513595,0.00455716363651348,1.2561733409913419e-14
0.3021224737151911,1.8923585320896106,0.620172818321048,0.620172818321048,0.0
0.6254957213944593,4.805689829758682,0.8899710215351435,0.8899710215351436,6.237411094071874e-17
0.019629017022252726,1.3916218269107319,0.0324762772832724,0.03247627728327274,5.234679429630619e-15
0.3602291675730375,4.00102643922454,0.744203787241431,0.7442037872414309,7.459133127637414e-17
0.34182113083728666,4.5672613527101085,0.6436652442408861,0.6436652442408863,1.7248453828426147e-16
0.716198975862851,0.004155701447681744,0.00015354198312078626,0.0001535419831207146,2.3337513996068277e-13
0.7418579247035746,0.7012760927907336,0.840108279609777,0.8401082796097767,1.321523726847265e-16
0.530653222134351,2.367421074374674,0.8920390918379473,0.8920390918379469,1.8668851535491553e-16
0.4729433128792957,1.1756188346831922,0.6768152681326802,0.6768152681326801,8.201817223244975e-17
0.8240096098645671,5.1366930962610144,0.9690436110183627,0.9690436110183627,0.0
0.809198218415685,5.060765896168598,0.9669740725419471,0.9669740725419472,5.740707306177515e-17
0.706436685193684,0.7065792846587924,0.7969570825453154,0.7969570825453152,1.3930775557942654e-16
0.6507213610592911,2.9518173888683634,0.9548418079083704,0.9548418079083705,5.813649001488302e-17
0.4202607567182454,0.30659487245948597,0.10444137435252732,0.10444137435252727,1.9931451343658002e-16
0.6572222212096397,0.14927469927317832,0.11064411408598085,0.1106441140859807,6.898499172189646e-16
0.41087723866894305,1.517097663736491,0.6914188242380679,0.6914188242380679,0.0
0.8607419740669131,5.895413268852133,0.8682611991465679,0.8682611991465677,6.393370023423931e-17
0.8128904893182874,2.6408126590323535,0.9886586802354163,0.9886586802354165,1.122958860140482e-16
0.034967152933063364,3.2396491611681784,0.13030437452917354,0.13030437452917318,1.384537105169837e-15
0.7616512176323013,5.5185630031736,0.8818500121858184,0.8818500121858184,0.0
0.4359144354198284,5.550913175581325,0.4125815885724836,0.4125815885724842,7.400023176707503e-16
0.2665461180497873,5.018810014690682,0.408997266737292,0.4089972667372921,1.3572499316215202e-16
0.44132184256961415,1.1785461790723888,0.6359498679635681,0.6359498679635684,2.6186569426776534e-16
0.32122183800716,1.376590775884304,0.5294733172846076,0.5294733172846077,1.0484220718797609e-16
0.5150490970787643,5.779421194838269,0.3523865648613924,0.3523865648613926,2.362937045560713e-16
0.06054847355659851,2.6221367752139204,0.20402430536843097,0.20402430536843083,3.401013370135898e-16
0.38570645618705146,5.874572636072376,0.1440536142559008,0.1440536142559008,0.0
0.4165302305163072,5.079973921573293,0.6105403969100123,0.6105403969100124,9.092134036044732e-17
0.3637046608644582,5.966893292784484,0.08182909515001324,0.08182909515001331,4.2398696277812274e-16
0.1506270134630564,4.758719923644298,0.2848134756042743,0.2848134756042742,9.74517640246527e-17
0.748699079533593,4.055607557865076,0.9744821048173923,0.9744821048173923,0.0
0.8139799683704638,0.55288495739091,0.8751446099007281,0.8751446099007277,1.9029249773093413e-16
0.4477585285994807,5.429460057374193,0.5016590916919961,0.501659091691996,1.1065512845392632e-16
0.9248345572955163,0.6598529954794983,0.9856576751549425,0.9856576751549426,5.631889511998335e-17
0.31295127415090523,6.067270201873855,0.0298683016672332,0.029868301667233192,1.1615815959699328e-16
0.27897061390587674,5.029676105489559,0.42475020068595004,0.42475020068595,6.534564450070904e-17
0.971641925162639,3.717936546930608,0.9997749571841539,0.9997749571841539,0.0
0.41341533592599106,3.070876111437217,0.8275864884172438,0.8275864884172436,1.3415190317430802e-16
0.043960924567016654,2.146772902049295,0.12936398547396688,0.12936398547396716,1.0727705827065137e-15
0.30833528551384226,3.507816383958371,0.7136781889090527,0.713678188909053,2.333453036421652e-16
0.5488529185113602,5.4799320505581255,0.622404908655242,0.6224049086552419,8.918816426302668e-17
0.3137210506885248,6.2516395218583565,0.0006623708593037625,0.0006623708593035142,1.8741939957941678e-13
0.47256950550573934,3.8123594946044985,0.8583367885354036,0.8583367885354037,6.467292556104644e-17
0.2464002709885206,4.288060377578229,0.5505611200070788,0.550561120007079,2.0165300168869202e-16
0.44292939026165334,6.1690500283070255,0.01823434389100098,0.018234343891000437,1.4936187852789908e-14
0.7354052750713748,3.176809541481703,0.9767462997970938,0.9767462997970938,0.0
0.9493902409281068,4.952697797799903,0.9982328551861083,0.9982328551861083,0.0
0.19372542821031608,3.9039321838443515,0.5066724947257031,0.5066724947257031,0.0
0.23523720236302392,0.09596864808781715,0.00368785072378619,0.0036878507237860054,2.504820070399434e-14
0.09982197638699626,4.524838474596777,0.22619434994348464,0.22619434994348478,3.067668978310436e-16
0.32115691674638425,2.432583848196267,0.7102918866806304,0.7102918866806305,7.815259088862067e-17
0.3406203747679434,5.733695627185982,0.18742480080391477,0.18742480080391505,7.404456479766246e-16
0.9484809947884218,4.318728647689326,0.9989897339058398,0.9989897339058397,5.556728897925797e-17
0.40502771016765676,3.548476400160041,0.8144665500083579,0.814466550008358,6.815645311730505e-17
0.14084692345522437,2.00110550858504,0.35099487022797393,0.3509948702279741,2.3723060907643557e-16
0.7741988919103571,1.6321050440027554,0.9699064497254629,0.969906449725463,5.723351076484803e-17
0.2900735776405962,1.947273402555151,0.611543719972425,0.6115437199724246,2.7231651352953585e-16
0.8230351746154924,2.4117285433536364,0.9892166046959413,0.9892166046959414,5.611627520983685e-17
0.8905654929836265,2.537660770409216,0.9963254743726004,0.9963254743726007,1.114317613252114e-16
0.5678929205703636,5.854892439197915,0.35460353196203087,0.35460353196203076,1.5654427050997813e-16
0.3750000989204394,0.3884397261632006,0.12513837787743365,0.1251383778774333,1.4416939436300776e-15
0.9647059864641033,0.7537643032962041,0.9976222686338243,0.9976222686338244,5.564345642291703e-17
0.3230990111127387,3.893682882126603,0.709320126551361,0.7093201265513608,1.5651931801554018e-16
0.3343465466542003,1.2450664077324924,0.5064693908173155,0.5064693908173153,1.0960415819340366e-16
0.1319343539151092,2.7597005081085206,0.40302787243895566,0.40302787243895566,0.0
0.4431933496923706,2.287301785121229,0.8256825635234586,0.8256825635234586,0.0
0.027860028878317584,2.539676641763694,0.09711196527443466,0.09711196527443458,4.287150744585295e-16
0.9520409767654454,2.5744410397143196,0.9993451485602391,0.9993451485602391,0.0
0.06591414716227625,2.7782966469347814,0.22619664645080484,0.22619664645080478,1.2270551332716348e-16
0.01941896162311628,2.0769584320024794,0.05658075931191675,0.05658075931191658,1.532962350693879e-15
0.5353614872640909,4.23350083335456,0.8787136133738775,0.8787136133738775,0.0
0.6456695466437754,1.5348132225828648,0.9083865548993677,0.9083865548993676,6.110961344799674e-17
0.7556704169759916,0.19893341127395298,0.3330228365936937,0.3330228365936943,9.167879743466796e-16
0.1704786359560575,2.897065763005875,0.4939943278499678,0.4939943278499678,0.0
0.7181097302900338,6.212014447839122,0.043754347086198075,0.04375434708619771,4.202569589057949e-15
0.8918813025324399,4.187817889475494,0.995652521606365,0.995652521606365,0.0
0.5069514201960331,0.35365180849597055,0.20515795879190213,0.20515795879190205,2.0293321140747627e-16
0.5772407436049598,5.251705250024607,0.7585847634721685,0.7585847634721684,7.317725573233775e-17
0.6197381069648981,4.266372092387616,0.9246390983925242,0.9246390983925243,6.003547906179113e-17
0.34821428417507294,0.9873055331207901,0.4240154119701679,0.424015411970168,1.3091776776067605e-16
0.03797666429416438,4.305076283287371,0.10280037112650042,0.10280037112650038,2.0249617276289634e-16
0.19863722384156354,4.5914841670325774,0.40941813890829504,0.4094181389082949,1.3558547107677537e-16
