p,partial_sum_inv_p
2,0.5
3,0.8333333333333333
5,1.0333333333333332
11,1.124242424242424
23,1.1677206851119892
29,1.202203443732679
41,1.226593687635118
53,1.2454616121634199
83,1.2575098049345041
89,1.268745759990684
113,1.2775953175128079
131,1.2852289052990673
173,1.2910092521198766
179,1.2965958442986476
191,1.3018314463928884
233,1.3061232918864507
239,1.3103073923048607
251,1.3142914560498806
281,1.3178501749110907
293,1.3212631441943672
359,1.3240486595147014
419,1.32643529435957
431,1.3287554799744192
443,1.3310128163175343
491,1.3330494761953346
509,1.3350141127375743
593,1.3367004533783837
641,1.3382605157808798
653,1.3397919093490267
659,1.3413093600318795
683,1.3427734888752176
719,1.3441643094593623
743,1.3455102044795506
761,1.3468242649263311
809,1.3480603588694708
911,1.3491580537103052
953,1.350207371653642
1013,1.3511945384848365
1019,1.3521758927537275
1031,1.3531458248584802
1049,1.3540991137050007
1103,1.3550057320186906
1223,1.3558233935068345
1229,1.3566370631569564
1289,1.3574128583470262
1409,1.3581225815549751
1439,1.3588175085876366
1451,1.3595066884635842
1481,1.3601819079099042
1499,1.3608490193175093
1511,1.3615108326861394
1559,1.3621522695046127
1583,1.3627839814439684
1601,1.3634085910629565
1733,1.3639856251079652
1811,1.364537806223371
1889,1.3650671868480402
1901,1.3655932257749208
1931,1.366111092165392
1973,1.3666179345374143
2003,1.3671171856607294
2039,1.3676076221492042
2063,1.3680923531235134
2069,1.3685756784014254
2129,1.369045382487851
2141,1.3695124539497847
2273,1.36995240115612
2339,1.3703799342899379
2351,1.3708052852044423
2393,1.3712231707038156
2399,1.3716400110539615
2459,1.3720466804317573
2543,1.3724399167667947
2549,1.372832227476877
2693,1.373203560562655
2699,1.3735740681580606
2741,1.373938898511946
2753,1.3743021386136534
2819,1.3746568743355405
2903,1.3750013455721923
2939,1.3753415973585141
2963,1.3756790931398168
2969,1.3760159068818174
3023,1.3763467041031208
3299,1.3766498262613505
3329,1.3769502167690104
3359,1.377247924420097
3389,1.3775429967128088
3413,1.3778359940758325
3449,1.3781259331886189
3491,1.378412384062294
3539,1.3786949497588183
3593,1.378973268712339
3623,1.3792492830650853
3761,1.3795151697973373
3779,1.37977979006725
3803,1.3800427403696427
3821,1.3803044519634664
3851,1.380564124775723
3863,1.380822990941915
3911,1.3810786800239911
4019,1.3813274981379497
4073,1.3815730174112126
4211,1.3818104906954682
4271,1.38204462789987
4349,1.3822745658166324
4373,1.3825032417827885
4391,1.382730980338926
4409,1.3829577891391076
4481,1.3831809536113235
4733,1.3833922360960056
4793,1.3836008736925005
4871,1.383806170346165
4919,1.3840094636984723
4943,1.384211769990198
5003,1.3844116500621548
5039,1.384610102135979
5051,1.3848080827338802
5081,1.38500489438513
5171,1.385198280577356
5231,1.38538944861406
5279,1.3855788784303131
5303,1.3857674509364417
5333,1.3859549626559242
5399,1.386140182141014
5441,1.3863239718855462
5501,1.3865057570155226
5639,1.386683093422687
5711,1.3868581941055798
5741,1.3870323797875168
5849,1.3872033491839948
5903,1.387372754571086
6053,1.3875379619062918
6101,1.3877018694624301
6113,1.3878654552631826
6131,1.38802856079246
6173,1.3881905565805697
6263,1.3883502244713568
6269,1.3885097395455313
6323,1.3886678923211124
6329,1.3888258951651635
6449,1.3889809579655976
6491,1.3891350174325519
6521,1.3892883681456327
6551,1.389441016596251
6563,1.389593385939539
6581,1.3897453385303307
6761,1.3898932456446629
6899,1.39003819418793
6983,1.3901813991141796
7043,1.390323384063775
7079,1.3904646469540136
7103,1.3906054325375699
7121,1.3907458622524975
7151,1.3908857028342343
7193,1.3910247268853952
7211,1.3911634039066127
7349,1.391299476841706
7433,1.3914340120226558
7541,1.3915666204300288
7643,1.3916974591059414
7649,1.3918281951498688
7691,1.3919582172536265
7823,1.3920860454525272
7841,1.3922135802057476
7883,1.392340435463898
7901,1.3924670017213336
8069,1.3925909328156452
8093,1.3927144963891036
8111,1.3928377857492318
8243,1.3929591008044302
8273,1.3930799759404147
8513,1.3931974433432104
8663,1.393312876795825
8693,1.393427911881526
8741,1.3935423152678663
8951,1.3936540346288315
8969,1.3937655297787925
9029,1.393876284015142
9059,1.3939866714751266
9221,1.3940951195827072
9293,1.3942027274596038
9371,1.3943094396568079
9419,1.3944156080398633
9473,1.3945211712194263
9479,1.3946266675798018
9539,1.394731500371499
9629,1.39483535331573
9689,1.3949385631413054
9791,1.3950406977547258
10061,1.3951400914531653
10091,1.3952391896594878
10163,1.395337585802359
10253,1.3954351182318918
10271,1.3955324797351534
10313,1.39562944473079
10331,1.3957262407815112
10529,1.395821216562687
10589,1.3959156541866364
10613,1.3960098782514625
10691,1.3961034148710492
10709,1.3961967942715534
10733,1.3962899648669136
10781,1.3963827206409605
10799,1.3964753218077353
10883,1.3965672082361098
11171,1.3966567257367812
11321,1.3967450571562672
11369,1.396833015639863
11393,1.3969207888339294
11471,1.3970079651917011
11519,1.3970947782831153
11549,1.3971813658664558
11579,1.3972677291102593
11699,1.3973532065014893
11783,1.3974380745317023
11801,1.3975228131131785
11813,1.39760746561466
11831,1.3976919893235604
11909,1.3977759594302024
11939,1.3978597185390054
12011,1.3979429755534087
12041,1.3980260251340084
12101,1.3981086629325374
12119,1.3981911779915357
12203,1.3982731250537335
12263,1.3983546711680612
12329,1.3984357807471026
12653,1.398514813387583
12671,1.3985937337569305
12791,1.398671913727222
12821,1.3987499107633348
12899,1.3988274361528998
12923,1.3989048175658845
12959,1.3989819840139128
13001,1.3990589011741312
13049,1.399135535398976
13229,1.3992111269024912
13313,1.3992862414521794
13451,1.39936058536713
13463,1.3994348630169853
13553,1.3995086474189626
13619,1.3995820742491263
13649,1.399655339689818
13763,1.3997279982671629
13883,1.3998000288081123
13901,1.3998719660788121
13913,1.3999438413034222
14009,1.4000152239859833
14081,1.4000862416693864
14153,1.4001568980673234
14159,1.4002275245239941
14249,1.4002977048875285
14303,1.4003676202898916
14321,1.4004374478159023
14489,1.400506465691532
14561,1.4005751422934138
14621,1.400643537068053
14669,1.4007117080408529
14699,1.4007797398797535
14741,1.4008475778826026
14783,1.4009152231508162
14831,1.4009826494875433
14879,1.4010498583053401
14939,1.4011167971901384
15101,1.4011830179702192
15161,1.4012489766800669
15173,1.4013148832245867
15233,1.401380530175286
15269,1.4014460223489713
15401,1.4015109531976175
15569,1.401575183398658
15629,1.4016391670188513
15773,1.4017025664989755
15791,1.4017658937106783
15803,1.4018291728348953
15923,1.4018919750706549
16001,1.401954471164649
16091,1.402016617706194
16253,1.4020781448088826
16301,1.4021394907385802
16421,1.4022003883696623
16493,1.4022610201528432
16553,1.4023214321627506
16673,1.4023814093714113
16811,1.4024408942325142
16823,1.4025003366625206
16883,1.4025595678418135
16931,1.4026186310985613
17159,1.4026769095530167
17183,1.4027351066082456
17291,1.4027929401632742
17333,1.4028506335804554
17351,1.402908267146244
17579,1.4029651532034715
17669,1.4030217495020736
17681,1.403078307389071
17939,1.4031340518564326
17981,1.4031896661159287
18041,1.4032450954158566
18131,1.4033002495717222
18149,1.4033553490262376
18191,1.4034103212652569
18233,1.4034651668748659
18341,1.4035196895290287
18443,1.4035739106427303
18461,1.403628078889304
18731,1.4036814663219024
18773,1.4037347343131665
18803,1.403787917315879
18899,1.4038408301684109
19163,1.4038930140644605
19301,1.4039448248514663
19319,1.403996587365054
19373,1.4040482055966133
19391,1.4040997759127394
19433,1.4041512347713818
19553,1.4042023778184847
19559,1.404253505176734
19661,1.404304367289546
19709,1.4043551055309587
19751,1.4044057358787891
19889,1.4044560149275096
19913,1.4045062333777683
19919,1.4045564367012282
19991,1.4046064592113578
20063,1.4046563022059249
20249,1.4047056873607473
20369,1.4047547815725396
20393,1.4048038180066102
20411,1.4048528111965568
20441,1.4049017324822082
20693,1.4049500580029157
20753,1.4049982438073778
20759,1.4050464156846358
20771,1.4050945597316244
20789,1.4051426620934504
20879,1.4051905571075793
20921,1.4052383559699664
20939,1.4052861137425439
20963,1.4053338168384748
21011,1.4053814109558418
21089,1.4054288290410994
21149,1.405476112600606
21179,1.4055233291830698
21221,1.4055704523158157
21341,1.4056173104761642
21383,1.405664076598785
21419,1.4057107641192106
21611,1.40575703685069
21701,1.4058031176764583
21713,1.4058491730349993
21803,1.405895038282901
21893,1.4059407149832162
22013,1.4059861426850286
22079,1.406031434591365
22133,1.4060766159946994
22259,1.4061215416427517
22271,1.406166443084088
22343,1.4062111998311675
22349,1.4062559445624754
22409,1.40630056948996
22433,1.4063451466753565
22469,1.4063896524388528
22481,1.406434134445881
22541,1.4064784980499803
22751,1.4065224521618875
22853,1.4065662100930125
22943,1.4066097963720519
23099,1.4066530882894508
23279,1.4066960454611506
23321,1.406738925269049
23339,1.4067817720062699
23459,1.406824399569252
23561,1.4068668425894972
23603,1.4069092100851546
23669,1.4069514594408519
23753,1.406993559386122
23819,1.4070355426767724
23909,1.4070773679308608
23981,1.4071190676097733
24203,1.407160384801857
24239,1.4072016406292427
24281,1.4072428250944624
24473,1.4072836864518767
24509,1.4073244877901607
24551,1.407365219328591
24611,1.4074058515662085
24683,1.4074463652801006
24749,1.407486770953057
24971,1.4075268174069435
25073,1.4075667009470065
25229,1.4076063378727666
25523,1.4076455182199044
25601,1.407684579194085
25643,1.4077235761913163
25673,1.407762527618886
25703,1.4078014335831703
25799,1.4078401947754646
25841,1.407878892968259
25913,1.4079174836370354
25919,1.407956065372442
26111,1.4079943634077527
26189,1.408032547378122
26459,1.4080703417014144
26501,1.4081080761265306
26573,1.4081457083095734
26633,1.4081832557131704
26849,1.408220501048192
26879,1.408257704813213
26891,1.4082948919762044
26993,1.4083319386179263
27143,1.4083687805292846
27281,1.4084054360771017
27479,1.4084418275032817
27539,1.4084781396424297
27551,1.408514435965612
27581,1.4085506928090914
27743,1.4085867379375923
27773,1.4086227441306574
27809,1.408658703712088
27893,1.4086945550009418
27983,1.4087302909835027
28001,1.4087660039937524
28019,1.4088016940612067
28403,1.408836901609705
28499,1.4088719905601945
28559,1.4089070057918203
28571,1.408942006316828
28643,1.4089769188609051
28751,1.409011700259813
28793,1.409046430923516
28859,1.4090810821588324
28901,1.4091156830376947
28949,1.4091502265452425
28961,1.4091847557396764
29021,1.4092192135460924
29033,1.4092536571103125
29201,1.4092879025128673
29339,1.4093219868374864
29363,1.4093560433031065
29453,1.4093899957018434
29483,1.4094239135528084
29531,1.4094577762733393
29723,1.4094914202527493
29873,1.4095248952971038
30269,1.4095579323977678
30323,1.4095909106650897
30389,1.409623817308941
30449,1.4096566591099855
30671,1.4096892631985383
30689,1.4097218481638354
30773,1.409754344183073
30851,1.4097867580432397
30983,1.4098190338073684
31019,1.409851272112923
31151,1.409883373811103
31253,1.4099153707393979
31319,1.4099473002390626
31469,1.4099790775437115
31649,1.410010674118643
31721,1.4100421989759928
31793,1.410073652440592
31799,1.4101050999703884
31859,1.410136488275106
32003,1.4101677353456932
32009,1.4101989765591019
32141,1.4102300894678477
32159,1.4102611849621105
32381,1.4102920672696366
32531,1.4103228071792613
32561,1.4103535187667433
32573,1.4103842190399758
32633,1.410414862866777
32771,1.41044537765119
32789,1.410475875684067
32843,1.410506323572506
32933,1.4105366882523105
33023,1.4105669701770296
33053,1.4105972246168685
33119,1.4106274187652426
33179,1.410657558311341
33191,1.4106876869606737
33461,1.4107175724990617
33479,1.410747441969476
33521,1.4107772740150595
33569,1.410807063404079
33623,1.4108368049500446
33713,1.4108664670981774
33749,1.410896097605748
33773,1.4109257070570849
33809,1.410955284980123
33941,1.410984747871611
34253,1.4110139423947186
34283,1.411043111370596
34319,1.4110722497487538
34439,1.4111012865965136
34631,1.4111301624591799
34883,1.4111588297183033
34913,1.4111874723442592
34949,1.411216085466237
35069,1.411244600679103
35081,1.4112731061378985
35099,1.4113015969780933
35111,1.4113300780808815
35291,1.4113584139172137
35573,1.4113865251251523
35831,1.4114144339192134
35933,1.4114422634909163
35993,1.411470046670979
35999,1.4114978252203831
36083,1.4115255391022665
36191,1.411553170281289
36251,1.4115807557272075
36353,1.411608263773311
36383,1.4116357491373546
36479,1.4116631621695102
36563,1.4116905122228427
36629,1.4117178129954546
36761,1.4117450157374911
36791,1.4117721962979544
36821,1.4117993547129892
36923,1.4118264381027463
36929,1.4118535170921584
37013,1.4118805346265382
37049,1.4119075259083542
37139,1.4119344517814256
37181,1.4119613472387829
37253,1.411988190714476
37379,1.4120149437041225
37619,1.412041526016252
37853,1.4120679440016164
37871,1.4120943494305727
37991,1.4121206714542098
38039,1.4121469602630639
38183,1.4121731499286219
38189,1.4121993354794349
38201,1.4122255128046357
38231,1.4122516695883975
38303,1.412277777203989
38333,1.4123038643873558
38453,1.4123298701606375
38459,1.4123558718767508
38501,1.4123818452280923
38639,1.412407725815064
38669,1.4124335863234816
38723,1.4124594107689017
38861,1.4124851435086665
38873,1.4125108683047976
38891,1.4125365811946693
38933,1.4125622663460833
39089,1.412587848990817
39233,1.4126133377375354
39239,1.4126388225867925
39419,1.4126641910639228
39443,1.41268954410502
39521,1.4127148471084865
39551,1.4127401309192624
39569,1.4127654032283934
39659,1.4127906181859062
39779,1.4128157570782867
39953,1.412840786487843
39971,1.4128658046259932
39983,1.4128908152555109
39989,1.412915822132402
40193,1.412940702086623
40283,1.4129655264542222
40343,1.4129903139018587
40559,1.4130149693420815
40763,1.4130395013932062
40823,1.413063997388111
40853,1.413088475394622
40949,1.4131128960153942
41081,1.413137238168701
41231,1.4131614917642967
41243,1.4131857383031032
41381,1.4132099039830046
41399,1.4132340591558348
41603,1.4132580958839553
41609,1.41328212914599
41621,1.4133061554788509
41669,1.4133301541349261
41729,1.4133541182845584
41969,1.4133779453950446
42023,1.4134017418874416
42071,1.4134255112297438
42089,1.4134492704067259
42131,1.4134730058984066
42221,1.4134966907945483
42359,1.4135202985284419
42473,1.413543842897806
42611,1.413567311016367
42719,1.4135907198040258
42743,1.413614115447757
42821,1.413637468475477
42923,1.4136607660082683
43013,1.4136840147935192
43313,1.413707102550082
43391,1.4137301488039136
43541,1.4137531156627363
43649,1.4137760256950394
43661,1.4137989294306386
43691,1.4138218174396107
43721,1.413844689743538
43793,1.4138675244431476
43943,1.413890281196214
44111,1.4139129512785065
44129,1.413935612113785
44189,1.413958242180091
44249,1.413980841560868
44273,1.4140034286907213
44501,1.4140259000958582
44543,1.4140483503125028
44651,1.414070746227488
44699,1.4140931180926304
44729,1.4141154749528329
44879,1.4141377570892442
44909,1.4141600243407972
45053,1.4141822204209695
45119,1.4142043840327516
45131,1.4142265417513928
45179,1.4142486759287762
45263,1.414270769029101
45329,1.414292829961396
45569,1.4143147747045328
45599,1.414336705010022
45641,1.4143586151346905
45971,1.414380367978875
46181,1.4144020219058147
46199,1.4144236673959767
46229,1.414445298839443
46349,1.4144668742779638
46523,1.4144883690224987
46589,1.4145098333166455
46619,1.4145312837982087
46643,1.4145527232424984
46691,1.4145741406462806
46703,1.414595552547015
46751,1.4146169424638082
47189,1.414638133843155
47279,1.4146592848827286
47363,1.4146803984101657
47501,1.4147014505985407
47513,1.4147224974699233
47543,1.4147435310605676
47609,1.4147645354925027
47639,1.4147855266971878
47741,1.4148064730535692
48029,1.414827293807697
48131,1.414848070438143
48221,1.4148688082909457
48239,1.4148895384055833
48413,1.4149101940146138
48479,1.4149308215028047
48563,1.4149514133113832
48593,1.4149719924071378
48731,1.4149925132255081
48761,1.4150130214185312
49103,1.4150333867729903
49193,1.415053714868451
49253,1.4150740182002277
49331,1.4150942894292724
49433,1.4151145188306844
49463,1.415134735962682
49481,1.4151549457401724
49499,1.4151751481685042
49559,1.4151953261381969
49811,1.4152154020250491
49853,1.4152354609984308
49919,1.415255493451004
50021,1.4152754850545306
50051,1.4152954646753173
50261,1.4153153608174553
50273,1.4153352522104496
50411,1.4153550891508
50423,1.4153749213702236
50513,1.415394718254194
50591,1.4154144846157997
50741,1.4154341925442993
50873,1.415453849336704
50969,1.415473469105583
50993,1.4154930796403624
51203,1.4155126097460202
51503,1.4155320260906992
51521,1.415551435651849
51539,1.415570838434208
51659,1.4155901961453523
51893,1.415609466567182
52103,1.4156286593199985
52121,1.415647845444593
52163,1.4156670161211262
52289,1.4156861406023746
52361,1.4157052387861373
52379,1.415724330406825
52511,1.415743374035779
52553,1.4157624024451942
52571,1.4157814243393945
52583,1.415800441892596
52631,1.4158194421015984
52733,1.4158384055590159
52883,1.4158573152275293
53051,1.4158761650135843
53093,1.4158949998882382
53309,1.4159137584468307
53411,1.415932481181848
53453,1.4159511892057193
53549,1.4159698636907703
53591,1.415988523540372
53639,1.4160071666918104
53849,1.416025737138801
53951,1.4160442724764222
54011,1.4160627872234182
54101,1.4160812711701105
54251,1.4160997040100582
54293,1.4161181225907225
54401,1.416136504605759
54413,1.416154882566908
54443,1.4161732504011566
54773,1.4161915075716602
54941,1.4162097089149193
54959,1.4162279042969312
55229,1.4162460107265245
55439,1.4162640485699198
55469,1.4162820766576805
55631,1.4163000522468303
55661,1.4163180181475508
55673,1.416335980175823
55721,1.4163539267309817
55733,1.4163718694220264
55799,1.416389790890153
55829,1.4164077027280868
55889,1.4164255953366502
55931,1.416443474509202
56009,1.4164613287826224
56081,1.416479160133704
56099,1.4164969857633942
56123,1.416514803770272
56393,1.4165325364675925
56489,1.4165502390291531
56519,1.4165679321942835
56531,1.416585621603634
56663,1.4166032698044
56681,1.4166209124006846
56783,1.4166385233053567
56891,1.4166561007780676
56909,1.4166736726911218
56921,1.4166912408996915
56951,1.41670879985388
57041,1.4167263311033322
57149,1.4167438292222845
57203,1.4167613108228998
57329,1.4167787540017447
57413,1.4167961716597663
57773,1.4168134807834054
57839,1.4168307701556282
57881,1.4168480469822207
58013,1.41686528449795
58049,1.4168825113235628
58193,1.416899695520975
58211,1.4169168744046912
58451,1.4169339827518537
58511,1.4169510735552924
58601,1.4169681381105048
58889,1.4169851192105405
58979,1.41700207439798
59021,1.4170190175199198
59063,1.4170359485935191
59123,1.4170528624848981
59369,1.4170697062922724
59393,1.4170865432932658
59399,1.4171033785935234
59453,1.4171201986026063
59513,1.4171370016540403
59621,1.4171537742677167
59723,1.4171705182357022
59879,1.4171872185813994
59981,1.4172038905275157
60083,1.4172205341704762
60149,1.4172371595507818
60251,1.4172537567856824
60293,1.4172703424589779
60383,1.4172869034115638
60449,1.4173034462824137
60509,1.4173199727495507
60689,1.4173364502001595
60719,1.4173529195096013
60761,1.4173693774349152
60773,1.4173858321105113
60779,1.4174022851617296
61331,1.4174185901298535
61409,1.4174348743878613
61469,1.4174511427507759
61703,1.4174673494181989
61751,1.4174835434879305
61961,1.4174996826722561
61991,1.4175158140461652
62099,1.4175319173650593
62171,1.4175480020347606
62213,1.4175640758457004
62351,1.417580114080853
62423,1.417596133817168
62459,1.417612144320058
62501,1.4176281440640621
62591,1.4176441208019317
62603,1.4176600944773146
62753,1.4176760299704383
62819,1.4176919487211348
62981,1.417707826525552
63113,1.4177236711217525
63179,1.4177394991658812
63419,1.4177552673110743
63671,1.41777097304838
63743,1.4177866610454934
63803,1.4178023342896984
63839,1.417817998695469
63863,1.4178336572144863
63929,1.4178492995677219
64301,1.4178648514253913
64373,1.417880385888598
64439,1.4178959044410275
64451,1.4179114201040894
64709,1.4179268739049518
64763,1.4179423148202892
64793,1.4179577485862824
64853,1.4179731680734302
64901,1.4179885761565105
65063,1.418003945875091
65099,1.4180193070941574
65111,1.418034665482141
65129,1.4180500196254566
65171,1.418065363873665
65183,1.4180807052970423
65309,1.418096017122365
65393,1.4181113092790179
65633,1.418126545516886
65651,1.4181417775773268
65843,1.4181569652206603
65963,1.4181721252346076
66029,1.4181872700951992
66173,1.4182023819988456
66191,1.4182174897929567
66431,1.418232543006065
66593,1.4182475595994006
66701,1.418262551878377
66749,1.418277533376227
66791,1.4182925054533033
66959,1.4183074399654674
67043,1.4183223557657747
67103,1.4183372582291518
67121,1.4183521566960995
67169,1.4183670445163736
67181,1.4183819296773565
67349,1.4183967777077653
67433,1.4184116072422661
67499,1.418426422276563
67559,1.418441224153441
67733,1.4184559880056253
67943,1.4184707062253095
68111,1.418485388141593
68171,1.4185000571357402
68261,1.4185147067892758
68279,1.4185293525808076
68489,1.4185439534656212
68543,1.4185585428474692
68639,1.41857311182429
68669,1.41858767443624
68699,1.4186022306888784
68819,1.4186167615597134
68963,1.4186312620889827
69029,1.4186457487540076
69119,1.4186602165559146
69203,1.418674666796511
69341,1.418689088278751
69431,1.418703491067131
69539,1.4187178714867517
69593,1.4187322407480278
69809,1.418746565548555
69941,1.4187608633138142
70061,1.4187751365899592
70079,1.4187894061999708
70181,1.418803655070748
70313,1.418817877191835
70379,1.418832085975705
70589,1.4188462524889012
70769,1.4188603829697615
70793,1.4188745086601546
70853,1.4188886223885784
70901,1.4189027265620033
70979,1.4189168152361182
71399,1.4189308210345188
71453,1.4189448162481557
71693,1.4189587646113153
71741,1.418972703641995
71843,1.4189866228825612
71849,1.419000540960753
71999,1.4190144300425458
72101,1.419028299475702
72161,1.4190421573767842
72269,1.4190559945683878
72503,1.4190697871011106
72911,1.4190835024527038
73259,1.4190971526526792
73421,1.4191107727341272
73523,1.4191243739201507
73553,1.4191379695586699
73589,1.4191515585461545
73613,1.41916514310323
73673,1.4191787165969114
73709,1.419192283461202
73751,1.4192058425993832
73823,1.4192193885132582
74099,1.4192328839720363
74201,1.4192463608793555
74219,1.419259834518181
74363,1.4192732820660208
74381,1.4192867263595903
74699,1.4193001134196581
74729,1.4193134951054829
74759,1.419326871421378
74771,1.4193402455905078
74933,1.4193535908456023
75041,1.4193669168940293
75149,1.419380223790994
75161,1.4193935285634158
75329,1.419406803663311
75353,1.4194200745350745
75389,1.4194333390696883
75479,1.4194465877878748
75503,1.4194598322947156
75689,1.4194730442541814
75821,1.4194862332123857
75833,1.4194994200835367
75941,1.419512588200891
75983,1.4195257490394997
76001,1.4195389067611086
76031,1.4195520592909978
76091,1.4195652014497289
76259,1.419578314656039
76283,1.419591423736699
76421,1.4196045091451601
76679,1.4196175505254598
76781,1.4196305745808901
76871,1.4196435833878525
76943,1.4196565800217242
77243,1.4196695261786576
77261,1.41968246931944
77471,1.4196953773753578
77513,1.4197082784371151
77543,1.4197211745076823
77699,1.4197340446861917
77711,1.4197469128773101
77813,1.4197597642003539
77849,1.419772609580513
78059,1.419785420403096
78173,1.4197982125436048
78233,1.4198109948733122
78311,1.4198237644714529
78341,1.4198365291795878
78509,1.419849266572753
78623,1.4198619854972407
78653,1.4198746995704483
78713,1.4198874039521896
78779,1.4199000976903686
78839,1.419912781768046
79151,1.419925415847211
79181,1.4199380451395918
79259,1.4199506620032918
79283,1.4199632750477023
79349,1.4199758776009797
79379,1.4199884753913272
79433,1.4200010646174674
79559,1.4200136339056686
79589,1.420026198456046
79613,1.4200387592187356
79769,1.4200512954170081
79811,1.420063825018191
79841,1.4200763499114162
79889,1.420088867279264
80039,1.4201013611884832
80309,1.420113813093002
80369,1.4201262557014704
80651,1.4201386548037753
80669,1.4201510511394184
80681,1.4201634456313061
80819,1.4201758189593603
81071,1.4201881538263288
81131,1.4202004795711118
81281,1.4202127825693525
81509,1.4202250511531898
81563,1.4202373116144282
81611,1.4202495648646027
81629,1.4202618154128148
81701,1.4202740551650823
81839,1.4202862742782192
81929,1.420298479968512
82073,1.4203106642434868
82139,1.4203228387282019
82193,1.420335005214399
82223,1.4203471672615149
82493,1.42035928950219
82499,1.4203714108612366
82529,1.4203835278140653
82601,1.420395634205029
82721,1.4204077230337424
82763,1.4204198057276998
82793,1.4204318840434995
82889,1.420443948370491
83243,1.4204559613926069
83339,1.4204679605766624
83399,1.4204799511281079
83423,1.4204919382299863
83459,1.420503920161234
83579,1.4205158848892159
83813,1.420527816212519
83873,1.4205397390005436
83939,1.4205516524138557
84011,1.4205635556170078
84131,1.4205754418420615
84263,1.4205873094470602
84299,1.4205991719839823
84401,1.420611020184833
84431,1.420622864175784
84443,1.4206347064836131
84449,1.4206465479500603
84503,1.4206583818494485
84509,1.4206702149086492
84533,1.420682044608293
84629,1.4206938608887643
84653,1.4207056738191979
84659,1.420717485912419
84713,1.4207292904760633
84761,1.4207410883548048
85049,1.4207528462825876
85061,1.420764602551618
85103,1.4207763530186992
85121,1.4207881010009833
85133,1.4207998473273198
85223,1.4208115812489137
85313,1.4208233027919377
85523,1.4208349955529493
85601,1.4208466776594668
85691,1.4208583474964391
85733,1.4208700116164397
85829,1.4208816626900862
85853,1.420893310506703
85931,1.4209049477505382
86111,1.4209165606687484
86171,1.4209281655010004
86291,1.4209397541950706
86441,1.4209513227794228
86771,1.4209628473671307
86843,1.4209743624000062
87071,1.4209858472801615
87149,1.4209973218811323
87221,1.421008787009943
87299,1.4210202418948787
87383,1.421031685768401
87539,1.4210431092482216
87701,1.4210545116267579
87959,1.421065880560011
88079,1.4210772340040783
88463,1.42108853816514
88661,1.4210998170814617
88811,1.4211110769479196
88919,1.4211223231382726
89051,1.4211335526584352
89123,1.4211447731065798
89153,1.4211559897790418
89399,1.4211671755864892
89759,1.4211783165305727
89909,1.4211894388876225
90011,1.421200548640875
90089,1.4212116487751867
90173,1.4212227385692493
90281,1.4212338150969794
90599,1.4212448527464017
90641,1.4212558852813473
90749,1.4212669046865198
90803,1.4212779175385182
90833,1.421288926753231
90971,1.4212999192673288
91079,1.4213108987466818
91121,1.4213218731653119
91139,1.4213328454164886
91193,1.421343811170439
91373,1.4213547553224315
91433,1.421365692292672
91463,1.42137662567557
91499,1.421387554756762
91529,1.4213984802557842
91583,1.4214093993128145
91631,1.4214203126500038
91691,1.4214312188458136
91841,1.4214421072289976
92003,1.421452976439784
92243,1.4214638173708032
92363,1.4214746442170512
92681,1.4214854339150476
92849,1.4214962040902783
92861,1.4215069728737288
92951,1.4215177312302822
92993,1.4215284847278573
93053,1.4215392312916435
93059,1.4215499771625426
93113,1.4215607168014759
93239,1.421571441927228
93323,1.4215821573992982
93371,1.4215928673627771
93479,1.4216035649526102
93563,1.4216142529382456
93581,1.4216249388680817
93683,1.4216356131633114
93893,1.4216462635845355
93911,1.4216569119643845
93941,1.42166755694368
94079,1.421678186308363
94151,1.4216888075444625
94229,1.4216994199886144
94343,1.421710019609148
94421,1.4217206104734683
94463,1.4217311966288944
95261,1.4217416941042516
95393,1.4217521770537342
95549,1.4217626428880181
95561,1.4217731074080628
95723,1.4217835542181294
95789,1.4217939938301933
95813,1.4218044308272606
95873,1.4218148612925636
95891,1.4218252897999313
96269,1.4218356773597896
96293,1.4218460623306597
96443,1.4218564311495476
96461,1.4218667980335733
96581,1.4218771520369486
96731,1.4218874899844525
96779,1.421897822804589
96851,1.421908147943204
96989,1.4219184583907807
97001,1.4219287675628511
97241,1.4219390512909083
97511,1.4219493065441617
97523,1.421959560535528
97829,1.4219697824533641
97871,1.4219799999846043
97931,1.4219902112558054
97943,1.4220004212759192
98123,1.4220106125664422
98321,1.4220207833336231
98369,1.4220309491378909
98453,1.4220411062687046
98459,1.4220512627805522
98561,1.4220614087815058
98573,1.4220715535473138
98621,1.4220816933755451
98639,1.422091831353424
98669,1.4221019662488827
98711,1.4221120968321004
98849,1.4221222132723275
98963,1.422132318058965
98981,1.4221424210080158
99023,1.4221525196719627
99041,1.4221626165005488
99089,1.4221727084381
99173,1.422182791827732
99251,1.4221928672929667
99551,1.422202912395477
99623,1.4222129502381438
99689,1.4222229814351666
99761,1.4222330053924244
99839,1.4222430215183872
100043,1.4222530172202354
100361,1.4222629812500878
100403,1.4222729411118449
100493,1.4222828920537016
100559,1.4222928364644456
100799,1.4223027571977862
100811,1.422312676750216
100913,1.4223225862762434
101063,1.4223324810943272
101333,1.4223423495478418
101399,1.4223522115780394
101411,1.4223620724412593
101429,1.4223719315545307
101483,1.422381785421681
101603,1.422391627650749
101681,1.422401462329794
101693,1.4224112958483253
101789,1.4224211200925954
101921,1.422430931613283
101999,1.4224407356309694
102023,1.4224505373423482
102071,1.4224603344443654
102149,1.4224701240654092
102293,1.4224798999053982
102299,1.4224896751720186
102359,1.4224994447086494
102461,1.4225092045196994
102551,1.422518955765421
102593,1.4225287030191323
102611,1.4225384485629824
102653,1.4225481901194883
102881,1.422557910087218
102911,1.422567627221441
102983,1.4225773375619826
103091,1.4225870377297956
103319,1.4225967164916884
103349,1.422606392444044
103391,1.4226160644657866
103409,1.4226257348039584
103613,1.4226353861025407
103619,1.4226450368422698
103643,1.422654685347234
104033,1.4226642976817816
104183,1.4226738961767376
104231,1.422683490251437
104369,1.4226930716405468
104393,1.4227026508268907
104399,1.4227122294627015
104561,1.422721793257998
104579,1.4227313554071868
104729,1.4227409038608148
104759,1.422750449580037
104789,1.4227599925664192
105071,1.4227695099403854
105173,1.4227790180841104
105263,1.4227885180983604
105359,1.4227980094564787
105401,1.422807497032498
105503,1.4228169754359556
105533,1.4228264511449755
105701,1.4228359117934084
105863,1.422845357964403
105929,1.4228547982498772
105971,1.4228642347938374
106019,1.4228736670654114
106103,1.4228830918696111
106121,1.4228925150751972
106433,1.4229019106573944
106451,1.422911304650875
106703,1.422920676458603
107021,1.4229300204191342
107279,1.4229393419079623
107441,1.4229486493418098
107699,1.4229579344790906
107741,1.4229672159968043
107843,1.4229764887358787
108011,1.4229857470521612
108089,1.4229949986873878
108131,1.4230042467291149
108359,1.4230134753118815
108401,1.4230227003190308
108821,1.4230318897218115
108863,1.4230410755792653
108869,1.4230502609304672
108929,1.4230594412222168
109001,1.4230686154499763
109139,1.4230777780774513
109211,1.423086934664242
109229,1.423096089742106
109313,1.4231052377848823
109391,1.4231143793047514
109481,1.4231235133097386
109541,1.4231326423116648
109751,1.423141753845956
109793,1.4231508618947388
109841,1.4231599659633472
109883,1.4231690665521552
109919,1.423178164160394
110459,1.4231872172932307
110543,1.4231962635467248
110609,1.4232053044023514
110651,1.4232143418263241
111029,1.4232233484822427
111053,1.4232323531917057
111263,1.423241340905501
111323,1.4232503237751684
111431,1.4232592979385519
111509,1.4232682658245521
111623,1.4232772245516963
111641,1.423286181834415
111659,1.423295137673174
111731,1.423304087740747
111773,1.4233130344452285
111833,1.4233219763496754
111959,1.4233309081907959
112163,1.423339823786848
112181,1.4233487379523484
112289,1.4233576435441695
112349,1.423366544379958
112559,1.423375428609562
112571,1.4233843118921126
112583,1.4233931942278115
112643,1.4234020718322786
112691,1.4234109456553878
112919,1.4234198015609485
113051,1.4234286471262243
113153,1.4234374847178037
113189,1.4234463194985687
113213,1.4234551524064503
113453,1.4234639666290798
113513,1.4234727761927422
113759,1.4234815667060203
113783,1.4234903553651346
114221,1.4234991103226293
114269,1.423507861602504
114479,1.4235165968290522
114599,1.4235253229086864
114641,1.4235340457914247
114671,1.4235427663920996
114743,1.4235514815206913
114749,1.423560196193586
114773,1.4235689090441692
115001,1.4235776046207294
115061,1.4235862956628722
115151,1.4235949799122491
115163,1.4236036632567262
115331,1.423612333952376
115469,1.4236209942854525
115499,1.4236296523690724
115553,1.4236383064066136
115679,1.423646951017995
115751,1.4236555902522132
115781,1.4236642272479207
115859,1.4236728584289253
116243,1.423681461097473
116411,1.4236900513509714
116423,1.4236986407190515
116579,1.4237072185932826
116639,1.4237157920549892
116663,1.4237243637529569
116969,1.423732913026696
117041,1.4237414570411866
117101,1.4237499966779104
117119,1.4237585350021789
117191,1.4237670680806576
117269,1.4237755954834665
117329,1.4237841185255107
117371,1.4237926385176722
117431,1.423801154156643
117503,1.4238096645776537
117779,1.4238181550555826
117839,1.423826641210421
117959,1.4238351187322718
117989,1.4238435940986194
118043,1.4238520655878224
118169,1.423860528044135
118253,1.4238689844892145
118259,1.423877440505247
118361,1.4238858892341357
118571,1.4238943229995589
118589,1.4239027554848653
119039,1.4239111560930693
119363,1.4239195338985868
119429,1.4239279070742812
119513,1.423936274364869
119771,1.4239446236313857
119783,1.4239529720614634
119849,1.4239613158941196
119891,1.4239696568037792
119921,1.4239779956268377
119981,1.4239863302798244
120293,1.4239946433154955
120299,1.4240029559365481
120371,1.4240112635854005
120539,1.424019559655552
120563,1.4240278540742377
120671,1.4240361410694562
120779,1.4240444206544833
120833,1.4240526965393823
120863,1.424060970370083
120941,1.4240692388646383
121139,1.424077493844455
121259,1.424085740655001
121403,1.42409397768374
121559,1.424102204141674
121631,1.4241104257299204
121763,1.4241186384053637
121853,1.4241268450149671
121931,1.4241350463747526
122021,1.4241432416853959
122099,1.4241514317606627
122201,1.4241596149997524
122231,1.4241677962303732
122273,1.424175974650793
122393,1.424184145052695
122471,1.424192310250987
122819,1.4242004523136973
122861,1.4242085915930456
122891,1.4242167288854428
123059,1.4242248550688184
123083,1.4242329796676663
123269,1.424241092007346
123341,1.424249199611468
123401,1.4242573032735129
123419,1.424265405753682
123449,1.4242735062648244
123503,1.4242816032341288
123719,1.424289686067
123731,1.424297768115961
123803,1.424305845464652
123923,1.424313914991697
124121,1.4243219716460906
124133,1.4243300275216435
124433,1.4243380639749958
124493,1.4243460965551409
124529,1.424354126813153
124643,1.4243621497265937
124769,1.4243701645379652
124781,1.4243781785785643
124823,1.4243861899226276
125003,1.4243941897306323
125201,1.4244021768872843
125399,1.4244101514325358
125693,1.4244181073250677
125921,1.4244260488121905
126443,1.4244339575141352
126491,1.424441863214936
126551,1.4244497651675085
126653,1.4244576607562431
126683,1.424465554475211
126713,1.4244734463252973
126719,1.4244813378017136
126839,1.424489221812152
126851,1.4244971050767696
127103,1.4245049727116799
127139,1.4245128381188326
127331,1.424520691665887
127373,1.4245285426233112
127481,1.4245363869295216
127493,1.4245442304974036
127541,1.4245520711133624
127691,1.4245599025188647
127709,1.4245677328205661
127733,1.4245755616510172
127973,1.424583375799314
128099,1.4245911822615034
128153,1.4245989854342733
128321,1.424606778390999
128399,1.4246145666136487
128483,1.424622349744491
128549,1.4246301288792955
128669,1.4246379007590801
128813,1.4246456639506835
128819,1.4246534267807007
128939,1.4246611823860644
128951,1.4246689372697023
128993,1.4246766896283574
129011,1.4246844409053803
129221,1.4246921795856258
129263,1.4246999157514273
129281,1.42470765084011
129401,1.4247153787556592
129443,1.4247231041637538
129491,1.4247308267081777
129509,1.4247385481792725
129581,1.424746265360032
129749,1.4247539725485268
129953,1.42476166763829
129971,1.4247693616623414
130199,1.4247770422128831
130241,1.424784720286608
130439,1.4247923867053938
131063,1.42480001662383
131321,1.4248076315521354
131441,1.4248152395283376
131591,1.4248228388322413
131711,1.4248304312125284
131759,1.4248380208269
131783,1.4248456090590695
131861,1.424853192802557
131909,1.424860773786417
131933,1.4248683533912163
132263,1.4248759140846832
132299,1.4248834727208028
132329,1.4248910296433217
132371,1.4248985841681043
132623,1.4249061243383614
132701,1.4249136600766
132851,1.4249211873063536
132893,1.4249287121571734
133013,1.4249362302193178
133379,1.4249437276514474
133499,1.4249512183442616
133571,1.424958704999299
133583,1.4249661909817968
133649,1.4249736732674854
133709,1.4249811521956053
133949,1.42498861772353
133979,1.424996081579806
134171,1.4250035347552314
134219,1.4250109852652189
134243,1.425018434443202
134489,1.425025869995552
134591,1.425033299912857
134609,1.425040728836629
134789,1.4250481478396633
135029,1.4250555536561915
135119,1.425062954539857
135221,1.4250703498408828
135281,1.4250777418619351
135329,1.425085131261103
135449,1.4250925141136896
135461,1.425099896312256
135533,1.4251072745891333
135581,1.4251146502538652
135731,1.4251220177675503
135851,1.425129378773358
135893,1.4251367375041242
136133,1.425144083261582
136379,1.4251514157687861
136403,1.4251587469858416
136463,1.42516607497951
136523,1.4251733997526252
136541,1.4251807235601264
136751,1.425188036120912
136859,1.4251953429111122
136949,1.4252026448994435
137201,1.4252099334760573
137339,1.4252172147290152
137369,1.4252244943918213
137393,1.4252317727830057
137519,1.4252390445054586
137573,1.425246313373623
137699,1.4252535755904874
137723,1.4252608365418171
137771,1.4252680949634007
137849,1.4252753492779042
137993,1.4252825960223043
137999,1.4252898424516263
138041,1.4252970866761683
138179,1.42530432366587
138251,1.4253115568866062
138311,1.4253187869695352
138389,1.4253260129773826
138581,1.4253332289738034
138629,1.4253404424717007
138821,1.4253476459927819
138893,1.425354845779668
138923,1.4253620440117822
138959,1.425369240379056
139109,1.425376428986551
139313,1.4253836070675627
139343,1.4253907836031618
139409,1.4253979567411945
139439,1.4254051283359421
139511,1.4254122962295133
139571,1.4254194610416877
139589,1.4254266249299596
139703,1.4254337829723782
139721,1.4254409400926393
139739,1.4254480962909806
139883,1.425455245122504
140069,1.4254623844609728
140111,1.425469521659337
140249,1.425476651834953
140351,1.4254837768287187
140603,1.4254908890524978
140639,1.4254979994557286
140663,1.4255051086457786
140681,1.4255122169262144
140813,1.4255193185432526
140831,1.4255264192526136
140891,1.4255335169380583
141353,1.4255405914253347
141413,1.4255476629109831
141539,1.425554728101496
141731,1.425561783720944
141803,1.4255688357579248
142193,1.4255758684529238
142211,1.4255829002577771
142223,1.4255899314693252
142391,1.4255969543850995
142403,1.4256039767090674
142559,1.4256109913486201
142589,1.4256180045123283
142799,1.4256250073624883
143243,1.4256319885064186
143249,1.4256389693579428
143501,1.4256459379504962
143609,1.4256529013023753
143873,1.4256598518768402
144323,1.4256667807793713
144341,1.4256737088178357
144383,1.4256806348409825
144563,1.425687552240317
144569,1.4256944693525608
144659,1.4257013821613043
144671,1.4257082943966521
144719,1.4257152043393688
144731,1.4257221137091651
144779,1.4257290207882305
144983,1.4257359181486107
145091,1.4257428103748686
145109,1.4257497017461827
145121,1.4257565925476519
145643,1.4257634586517558
145679,1.4257703230591172
145709,1.425777186053167
145721,1.425784048482055
145823,1.425790906110824
145949,1.4257977578192975
145991,1.42580460755661
146141,1.425811450263311
146213,1.4258182896004425
146543,1.425825113536079
146603,1.4258319346788935
146669,1.4258387527522423
146801,1.4258455646949402
146819,1.4258523758024944
147011,1.4258591780145737
147029,1.4258659793938935
147083,1.4258727782761573
147089,1.4258795768810837
147401,1.4258863610955734
147503,1.4258931406187019
147629,1.4258999143555693
147863,1.4259066773726865
148013,1.4259134335359964
148079,1.4259201866880302
148091,1.4259269392928475
148139,1.4259336897096857
148331,1.4259404313887682
148829,1.4259471505093697
148853,1.425953868546628
148859,1.425960586313105
149021,1.425967296776731
149111,1.425974003190074
149153,1.425980707714958
149213,1.4259874095438871
149333,1.425994105987406
149399,1.4260007994726367
149423,1.4260074918827743
149531,1.4260141794592636
149543,1.4260208664991116
149861,1.426027539349286
149921,1.426034209528914
150011,1.4260408757067276
150323,1.4260475280486846
150659,1.4260541655545753
150743,1.4260607993617835
150791,1.4260674310573092
150989,1.4260740540563355
151241,1.4260806660200225
151253,1.4260872774591344
151289,1.4260938873250202
151379,1.4261004932611143
151451,1.426107096056738
151499,1.426113696760373
151643,1.426120291195988
151769,1.426126880156843
151841,1.426133465993343
151883,1.4261400500086705
151901,1.426146633243804
152063,1.4261532094655016
152081,1.426159784908851
152111,1.4261663590553624
152219,1.42617292853749
152381,1.4261794910354393
152423,1.426186051725099
152441,1.4261926116400825
152681,1.426199161243504
152819,1.4262057049324433
152879,1.426212246053199
153281,1.4262187700189872
153353,1.426225290921741
153449,1.42623180774492
153509,1.426238322020956
153533,1.426244835278692
153641,1.426251343958016
153911,1.4262578412194202
153929,1.4262643377210542
154001,1.4262708311853824
154211,1.426277315807102
154769,1.4262837770493404
154799,1.426290237039392
155009,1.426296688277707
155219,1.4263031307879668
155231,1.4263095728001938
155723,1.4263159944591652
155783,1.4263224136448274
155801,1.426328832088868
156011,1.4263352418933049
156041,1.426341650465411
156371,1.4263480455130861
156419,1.4263544385983251
156671,1.426360821400503
156941,1.4263671932217608
157109,1.4263735582294943
157133,1.4263799222650566
157211,1.4263862831431122
157271,1.426392641594448
157523,1.4263989898737468
157733,1.4264053297011767
157799,1.4264116668769509
157889,1.4264180004404037
157901,1.4264243335225248
158129,1.4264306574732233
158201,1.4264369785457829
158351,1.426443293630626
158429,1.4264496056063374
158633,1.4264559094649292
158663,1.4264622121315875
158699,1.4264685133685204
158981,1.426474803428339
158993,1.426481093013415
159161,1.4264873759596142
159209,1.4264936570115647
159233,1.4264999371168192
159431,1.426506209422707
159563,1.4265124765397705
159629,1.42651874106564
159671,1.426525003943683
159773,1.4265312628234688
159839,1.426537519118866
160019,1.4265437683767668
160031,1.4265500171660639
160169,1.426556260571467
160313,1.426562498368776
160343,1.426568734999
160619,1.4265749609124971
161033,1.4265811708197833
161039,1.4265873804957003
161123,1.4265935869342596
161159,1.426599791986413
161201,1.4266059954218757
161303,1.426612194934594
161363,1.4266183921421323
161459,1.4266245856649462
161543,1.4266307759672188
161561,1.426636965579811
161753,1.426643147845364
161783,1.4266493289645175
161879,1.4266555064180475
162059,1.4266616770102392
162119,1.4266678453187038
162209,1.426674010204746
162251,1.4266801734949568
162293,1.4266863351901624
162419,1.4266924921053017
162593,1.4266986424315764
162671,1.426704789808798
162731,1.4267109349194407
162821,1.4267170766333475
162971,1.4267232126943645
163109,1.4267293435639057
163433,1.4267354622792203
163469,1.4267415796470393
163601,1.426747692079115
163673,1.4267538018223225
163853,1.426759904853698
163991,1.4267660027493143
164051,1.4267720984146868
164309,1.426778184508571
164513,1.4267842630555552
164621,1.426790337614694
164831,1.426796404434649
164999,1.426802465077441
165083,1.4268085226363658
165173,1.4268145768946283
165293,1.426820626757599
165311,1.426826675961826
165383,1.4268327225325135
165443,1.4268387669103355
165449,1.4268448110689584
165653,1.426850847784261
165941,1.4268568740225023
165983,1.4268628987358765
166151,1.4268689173574918
166349,1.4268749288153304
166613,1.4268809307479526
166643,1.4268869316000736
166739,1.4268929289972032
166781,1.426898924884025
166823,1.426904919261299
166979,1.4269109080383309
167021,1.4269168953093927
167099,1.4269228797856612
167159,1.4269288621138638
167213,1.426934842510125
167309,1.4269408194749027
167393,1.4269467934403612
167729,1.4269527554385846
167759,1.4269587163706359
167873,1.426964673254709
168029,1.4269706246083445
168071,1.42697657447477
168263,1.4269825175519766
168281,1.4269884599934881
168293,1.4269944020112786
168449,1.4270003385261882
168491,1.427006273561294
168713,1.4270122007868191
168743,1.4270181269585713
168803,1.4270240510239018
169079,1.427029965418948
169283,1.4270358726866594
169343,1.427041777861364
169373,1.4270476819901212
169553,1.4270535798509671
169661,1.42705947395745
169733,1.4270653655636787
169769,1.4270712559205754
169913,1.4270771412854386
169919,1.427083026442484
169943,1.427088910768405
170003,1.427094793017542
170063,1.4271006731913598
170141,1.4271065506694516
170279,1.4271124233842314
170393,1.427118292169921
170609,1.4271241535254182
170669,1.4271300128203106
170711,1.4271358706736417
170801,1.4271417254403
170843,1.427147578767624
171023,1.4271534259343794
171029,1.4271592728960059
171053,1.4271651190372603
171179,1.4271709608753362
171233,1.4271768008711314
171263,1.4271826398439393
171299,1.4271884775896355
171329,1.4271943143131325
171401,1.4272001485848111
171449,1.4272059812230884
171653,1.427211806929601
171863,1.4272176255176623
172181,1.4272234333594103
172283,1.4272292377626306
172421,1.4272350375202008
172829,1.4272408235861966
172853,1.4272466088488187
173021,1.427252388494064
173039,1.4272581675380944
173219,1.4272639405768488
173273,1.4272697118164535
173501,1.4272754754719943
173531,1.4272812381311157
173549,1.4272870001925508
173993,1.427292747550203
174143,1.4272984899573053
174221,1.4273042297934904
174263,1.4273099682462886
174281,1.427315706106411
174389,1.4273214404130474
174413,1.4273271739306177
174599,1.4273329013402822
174749,1.4273386238336871
174893,1.4273443416154166
174959,1.42735005724022
175079,1.4273557689475065
175211,1.427361476351722
175229,1.4273671831696573
175349,1.4273728860821346
175391,1.4273785876289642
175481,1.427384286251607
175523,1.4273899835106558
175673,1.4273956759050477
175691,1.427401367716239
175781,1.4274070566132186
175853,1.4274127431809769
175979,1.4274184256771838
176021,1.4274241068175022
176201,1.4274297821541915
176261,1.4274354555589719
176303,1.4274411276121985
176369,1.4274467975428553
176549,1.4274524616927513
176573,1.4274581250727698
176849,1.4274637796142147
176903,1.4274694324295993
176933,1.427475084286517
177011,1.4274807336529405
177239,1.427486375752027
177269,1.4274920168962768
177323,1.4274976563226343
177839,1.4275032793861917
178289,1.427508888257182
178781,1.427514481692726
178793,1.4275200747528571
178889,1.427525664811497
179051,1.4275312498124184
179111,1.4275368329424327
179213,1.42754241289478
179243,1.4275479919132075
179351,1.427553567572111
179429,1.4275591408072068
179453,1.4275647132969396
179573,1.4275702820628453
179603,1.4275758498985718
179633,1.4275814168044298
180161,1.4275869673952903
180413,1.4275925102331124
180473,1.4275980512281643
180731,1.4276035843132466
180749,1.4276091168473133
180959,1.4276146429609633
181001,1.427620167792318
181361,1.4276256816569306
181523,1.4276311906007009
181943,1.4276366868275412
182111,1.4276421779840336
182261,1.4276476646213285
182471,1.4276531449442291
182489,1.4276586247265721
182519,1.4276641036082227
182579,1.4276695806893767
182711,1.4276750538136003
182813,1.4276805238841095
183119,1.4276859848138874
183191,1.427691443597343
183299,1.4276968991644763
183461,1.427702349914227
183503,1.427707799416415
183509,1.4277132487404263
183569,1.427718696283312
183581,1.4277241434701122
183713,1.4277295867430433
184181,1.4277350161847338
184199,1.427740445095857
184511,1.4277458648269301
184559,1.4277512831484425
184571,1.4277567011176793
184631,1.427762117326225
184703,1.4277675314234513
184823,1.4277729420054674
184829,1.427778352411843
184913,1.427783760360446
185051,1.4277891642761233
185099,1.4277945667904535
185123,1.4277999686043825
185309,1.427805364996355
185441,1.4278107575470853
185543,1.4278161471333268
185651,1.4278215335842481
185693,1.4278269188168633
185723,1.427832303179597
185813,1.427837684934372
185819,1.4278430665153727
185831,1.427848447748859
185849,1.4278538284611577
186149,1.427859200501835
186419,1.4278645647619157
186671,1.4278699217804134
186689,1.4278752782824033
186743,1.4278806332354672
187223,1.4278859744595689
187409,1.4278913103826036
187469,1.4278966445978605
187559,1.4279019762534995
187721,1.4279073033080112
187763,1.427912629170934
187823,1.4279179533325117
187871,1.4279232761337957
188273,1.4279285875698486
188291,1.4279338984981458
188609,1.4279392004720706
188693,1.4279445000857287
188729,1.4279497986884873
188843,1.427955094092606
188999,1.427960385125892
189011,1.4279656758232588
189041,1.4279709656810147
189251,1.427976249668946
189389,1.427981529806652
189593,1.4279868042629875
189599,1.427992078552409
189653,1.427997351340079
189671,1.4280026236273553
189851,1.428007890915913
189929,1.428013156041302
189989,1.4280184195039236
190181,1.4280236776527397
190409,1.4280289295053308
190523,1.4280341782154602
190583,1.4280394252731725
190709,1.4280446688641935
190763,1.4280499109708913
190829,1.4280551512645574
191231,1.4280603805422372
191441,1.4280656040836939
191459,1.4280708271340596
191699,1.4280760436453612
191861,1.4280812557520426
191903,1.4280864667179993
192053,1.4280916736140123
192113,1.4280968788838275
192149,1.4281020831784115
192191,1.4281072863356874
192239,1.4281124881937912
192539,1.4281176819467452
192611,1.4281228737582201
192971,1.4281280558840317
193139,1.4281332335022239
193181,1.428138409994736
193373,1.4281435813475103
193463,1.428148750294544
193493,1.4281539184401617
193541,1.4281590853040302
193601,1.4281642505666063
193751,1.4281694118302901
193793,1.4281745719753933
193811,1.4281797316412534
193841,1.4281848905085726
193871,1.4281900485775978
194093,1.4281952007469187
194609,1.4282003392554152
194723,1.4282054747555872
194861,1.4282106066188127
194891,1.4282157376920792
194933,1.4282208676598118
194963,1.4282259968381688
195053,1.428231123649856
195131,1.428236248412195
195161,1.4282413723867597
195203,1.4282464952588467
195353,1.4282516141973836
195479,1.4282567298364035
195581,1.4282618428074998
195599,1.428266955308075
195743,1.4282720640475957
195809,1.4282771710651485
195869,1.428282276518283
196043,1.4282873774400195
196139,1.428292475865116
196169,1.4282975735105137
196181,1.4283026708440985
196271,1.4283077658403027
196331,1.4283128592794438
196379,1.4283179514736193
196439,1.4283230421124435
196541,1.42832813010935
196643,1.4283332154670796
196739,1.4283382983433777
196769,1.428343380444725
197003,1.4283484565095566
197009,1.4283535324197942
197159,1.4283586044682424
197261,1.4283636738940284
197369,1.428368740545833
197573,1.4283738019661687
197621,1.4283788621571403
197651,1.4283839215800624
198221,1.428388966454218
198281,1.4283940098017904
198323,1.4283990520813041
198491,1.4284040900931032
198641,1.4284091243005428
198689,1.4284141572918005
198899,1.4284191849691645
198953,1.4284242112819117
199103,1.428429233807941
199109,1.4284342561826202
199151,1.4284392774981045
199211,1.428444297301228
199313,1.4284493145354273
199379,1.4284543301087826
